State_Name,state_code,survey_year,ITEM_NAME,item,AMOUNT
United States,0,2016,Total Taxes,T00,"927,991,215"
United States,0,2016,Property taxes,T01,"18,364,298"
United States,0,2016,Sales and gross receipts taxes,TA1,"440,637,465"
United States,0,2016,     General sales and gross receipts,T09,"290,542,966"
United States,0,2016,     Selective sales and gross receipts taxes,TA2,"150,094,499"
United States,0,2016,          Motor fuels,T13,"43,757,220"
United States,0,2016,          Alcoholic beverages,T10,"6,620,096"
United States,0,2016,          Public utilities,T15,"13,256,482"
United States,0,2016,          Insurance premiums,T12,"20,495,224"
United States,0,2016,          Tobacco products,T16,"18,011,700"
United States,0,2016,          Pari-mutuels,T14,"124,090"
United States,0,2016,          Amusements,T11,"7,597,086"
United States,0,2016,          Other selective sales and gross receipts,T19,"40,232,601"
United States,0,2016,License taxes,TA3,"52,164,396"
United States,0,2016,     Alcoholic beverages,T20,"637,264"
United States,0,2016,     Public utilities,T27,"1,250,122"
United States,0,2016,     Motor vehicles,T24,"25,603,133"
United States,0,2016,     Motor vehicle operators,T25,"2,597,873"
United States,0,2016,     Corporations in general,T22,"5,615,067"
United States,0,2016,     Hunting and fishing,T23,"1,595,489"
United States,0,2016,     Amusements,T21,"543,093"
United States,0,2016,     Occupation and businesses,T28,"12,961,870"
United States,0,2016,     Other license taxes,T29,"1,360,485"
United States,0,2016,Income taxes,TA4,"392,286,910"
United States,0,2016,     Individual income,T40,"345,528,601"
United States,0,2016,     Corporation net income,T41,"46,758,309"
United States,0,2016,Other taxes,TA5,"24,538,146"
United States,0,2016,     Death and gift,T50,"5,133,305"
United States,0,2016,     Severance,T53,"7,649,594"
United States,0,2016,     Documentary and stock transfer,T51,"9,131,636"
United States,0,2016,"     Other taxes, NEC",T99,"2,623,611"
Alabama,1,2016,Total Taxes,T00,"9,919,794"
Alabama,1,2016,Property taxes,T01,"346,277"
Alabama,1,2016,Sales and gross receipts taxes,TA1,"5,106,102"
Alabama,1,2016,     General sales and gross receipts,T09,"2,596,223"
Alabama,1,2016,     Selective sales and gross receipts taxes,TA2,"2,509,879"
Alabama,1,2016,          Motor fuels,T13,"526,763"
Alabama,1,2016,          Alcoholic beverages,T10,"210,535"
Alabama,1,2016,          Public utilities,T15,"695,626"
Alabama,1,2016,          Insurance premiums,T12,"317,657"
Alabama,1,2016,          Tobacco products,T16,"180,301"
Alabama,1,2016,          Pari-mutuels,T14,"1,401"
Alabama,1,2016,          Amusements,T11,6
Alabama,1,2016,          Other selective sales and gross receipts,T19,"577,590"
Alabama,1,2016,License taxes,TA3,"507,479"
Alabama,1,2016,     Alcoholic beverages,T20,"4,224"
Alabama,1,2016,     Public utilities,T27,"14,443"
Alabama,1,2016,     Motor vehicles,T24,"213,550"
Alabama,1,2016,     Motor vehicle operators,T25,"33,964"
Alabama,1,2016,     Corporations in general,T22,"162,117"
Alabama,1,2016,     Hunting and fishing,T23,"22,931"
Alabama,1,2016,     Amusements,T21,X
Alabama,1,2016,     Occupation and businesses,T28,"56,250"
Alabama,1,2016,     Other license taxes,T29,X
Alabama,1,2016,Income taxes,TA4,"3,869,584"
Alabama,1,2016,     Individual income,T40,"3,492,904"
Alabama,1,2016,     Corporation net income,T41,"376,680"
Alabama,1,2016,Other taxes,TA5,"90,352"
Alabama,1,2016,     Death and gift,T50,X
Alabama,1,2016,     Severance,T53,"46,622"
Alabama,1,2016,     Documentary and stock transfer,T51,"43,730"
Alabama,1,2016,"     Other taxes, NEC",T99,X
Alaska,2,2016,Total Taxes,T00,"1,042,164"
Alaska,2,2016,Property taxes,T01,"111,736"
Alaska,2,2016,Sales and gross receipts taxes,TA1,"260,846"
Alaska,2,2016,     General sales and gross receipts,T09,X
Alaska,2,2016,     Selective sales and gross receipts taxes,TA2,"260,846"
Alaska,2,2016,          Motor fuels,T13,"48,773"
Alaska,2,2016,          Alcoholic beverages,T10,"42,430"
Alaska,2,2016,          Public utilities,T15,"4,027"
Alaska,2,2016,          Insurance premiums,T12,"64,400"
Alaska,2,2016,          Tobacco products,T16,"67,918"
Alaska,2,2016,          Pari-mutuels,T14,X
Alaska,2,2016,          Amusements,T11,"10,306"
Alaska,2,2016,          Other selective sales and gross receipts,T19,"22,992"
Alaska,2,2016,License taxes,TA3,"120,529"
Alaska,2,2016,     Alcoholic beverages,T20,"1,919"
Alaska,2,2016,     Public utilities,T27,838
Alaska,2,2016,     Motor vehicles,T24,"38,000"
Alaska,2,2016,     Motor vehicle operators,T25,X
Alaska,2,2016,     Corporations in general,T22,X
Alaska,2,2016,     Hunting and fishing,T23,"29,500"
Alaska,2,2016,     Amusements,T21,X
Alaska,2,2016,     Occupation and businesses,T28,"46,957"
Alaska,2,2016,     Other license taxes,T29,"3,315"
Alaska,2,2016,Income taxes,TA4,"212,252"
Alaska,2,2016,     Individual income,T40,X
Alaska,2,2016,     Corporation net income,T41,"212,252"
Alaska,2,2016,Other taxes,TA5,"336,801"
Alaska,2,2016,     Death and gift,T50,X
Alaska,2,2016,     Severance,T53,"336,801"
Alaska,2,2016,     Documentary and stock transfer,T51,X
Alaska,2,2016,"     Other taxes, NEC",T99,X
Arizona,3,2016,Total Taxes,T00,"14,676,375"
Arizona,3,2016,Property taxes,T01,"943,008"
Arizona,3,2016,Sales and gross receipts taxes,TA1,"8,680,009"
Arizona,3,2016,     General sales and gross receipts,T09,"6,660,817"
Arizona,3,2016,     Selective sales and gross receipts taxes,TA2,"2,019,192"
Arizona,3,2016,          Motor fuels,T13,"898,234"
Arizona,3,2016,          Alcoholic beverages,T10,"72,281"
Arizona,3,2016,          Public utilities,T15,"22,337"
Arizona,3,2016,          Insurance premiums,T12,"545,124"
Arizona,3,2016,          Tobacco products,T16,"317,331"
Arizona,3,2016,          Pari-mutuels,T14,160
Arizona,3,2016,          Amusements,T11,"3,830"
Arizona,3,2016,          Other selective sales and gross receipts,T19,"159,895"
Arizona,3,2016,License taxes,TA3,"482,362"
Arizona,3,2016,     Alcoholic beverages,T20,"7,416"
Arizona,3,2016,     Public utilities,T27,0
Arizona,3,2016,     Motor vehicles,T24,"228,970"
Arizona,3,2016,     Motor vehicle operators,T25,"31,373"
Arizona,3,2016,     Corporations in general,T22,"18,342"
Arizona,3,2016,     Hunting and fishing,T23,"35,059"
Arizona,3,2016,     Amusements,T21,X
Arizona,3,2016,     Occupation and businesses,T28,"159,454"
Arizona,3,2016,     Other license taxes,T29,"1,748"
Arizona,3,2016,Income taxes,TA4,"4,538,472"
Arizona,3,2016,     Individual income,T40,"3,967,924"
Arizona,3,2016,     Corporation net income,T41,"570,548"
Arizona,3,2016,Other taxes,TA5,"32,524"
Arizona,3,2016,     Death and gift,T50,0
Arizona,3,2016,     Severance,T53,"15,196"
Arizona,3,2016,     Documentary and stock transfer,T51,"17,328"
Arizona,3,2016,"     Other taxes, NEC",T99,0
Arkansas,4,2016,Total Taxes,T00,"9,452,883"
Arkansas,4,2016,Property taxes,T01,"1,119,958"
Arkansas,4,2016,Sales and gross receipts taxes,TA1,"4,590,072"
Arkansas,4,2016,     General sales and gross receipts,T09,"3,314,363"
Arkansas,4,2016,     Selective sales and gross receipts taxes,TA2,"1,275,709"
Arkansas,4,2016,          Motor fuels,T13,"479,879"
Arkansas,4,2016,          Alcoholic beverages,T10,"55,164"
Arkansas,4,2016,          Public utilities,T15,X
Arkansas,4,2016,          Insurance premiums,T12,"192,020"
Arkansas,4,2016,          Tobacco products,T16,"230,527"
Arkansas,4,2016,          Pari-mutuels,T14,"2,616"
Arkansas,4,2016,          Amusements,T11,"56,031"
Arkansas,4,2016,          Other selective sales and gross receipts,T19,"259,472"
Arkansas,4,2016,License taxes,TA3,"396,891"
Arkansas,4,2016,     Alcoholic beverages,T20,"4,624"
Arkansas,4,2016,     Public utilities,T27,"8,351"
Arkansas,4,2016,     Motor vehicles,T24,"163,023"
Arkansas,4,2016,     Motor vehicle operators,T25,"21,825"
Arkansas,4,2016,     Corporations in general,T22,"26,703"
Arkansas,4,2016,     Hunting and fishing,T23,"26,579"
Arkansas,4,2016,     Amusements,T21,473
Arkansas,4,2016,     Occupation and businesses,T28,"143,422"
Arkansas,4,2016,     Other license taxes,T29,"1,891"
Arkansas,4,2016,Income taxes,TA4,"3,231,617"
Arkansas,4,2016,     Individual income,T40,"2,781,458"
Arkansas,4,2016,     Corporation net income,T41,"450,159"
Arkansas,4,2016,Other taxes,TA5,"114,345"
Arkansas,4,2016,     Death and gift,T50,3
Arkansas,4,2016,     Severance,T53,"48,340"
Arkansas,4,2016,     Documentary and stock transfer,T51,"38,844"
Arkansas,4,2016,"     Other taxes, NEC",T99,"27,158"
California,5,2016,Total Taxes,T00,"155,231,252"
California,5,2016,Property taxes,T01,"2,513,157"
California,5,2016,Sales and gross receipts taxes,TA1,"53,365,753"
California,5,2016,     General sales and gross receipts,T09,"39,189,007"
California,5,2016,     Selective sales and gross receipts taxes,TA2,"14,176,746"
California,5,2016,          Motor fuels,T13,"5,000,539"
California,5,2016,          Alcoholic beverages,T10,"368,699"
California,5,2016,          Public utilities,T15,"714,623"
California,5,2016,          Insurance premiums,T12,"2,561,932"
California,5,2016,          Tobacco products,T16,"840,034"
California,5,2016,          Pari-mutuels,T14,"14,537"
California,5,2016,          Amusements,T11,X
California,5,2016,          Other selective sales and gross receipts,T19,"4,676,382"
California,5,2016,License taxes,TA3,"8,551,427"
California,5,2016,     Alcoholic beverages,T20,"57,406"
California,5,2016,     Public utilities,T27,"674,660"
California,5,2016,     Motor vehicles,T24,"3,996,089"
California,5,2016,     Motor vehicle operators,T25,"296,160"
California,5,2016,     Corporations in general,T22,"75,066"
California,5,2016,     Hunting and fishing,T23,"104,698"
California,5,2016,     Amusements,T21,"16,767"
California,5,2016,     Occupation and businesses,T28,"3,303,576"
California,5,2016,     Other license taxes,T29,"27,005"
California,5,2016,Income taxes,TA4,"90,655,530"
California,5,2016,     Individual income,T40,"80,753,345"
California,5,2016,     Corporation net income,T41,"9,902,185"
California,5,2016,Other taxes,TA5,"145,385"
California,5,2016,     Death and gift,T50,X
California,5,2016,     Severance,T53,"68,500"
California,5,2016,     Documentary and stock transfer,T51,X
California,5,2016,"     Other taxes, NEC",T99,"76,885"
Colorado,6,2016,Total Taxes,T00,"12,795,318"
Colorado,6,2016,Property taxes,T01,X
Colorado,6,2016,Sales and gross receipts taxes,TA1,"4,897,029"
Colorado,6,2016,     General sales and gross receipts,T09,"2,840,173"
Colorado,6,2016,     Selective sales and gross receipts taxes,TA2,"2,056,856"
Colorado,6,2016,          Motor fuels,T13,"667,037"
Colorado,6,2016,          Alcoholic beverages,T10,"43,407"
Colorado,6,2016,          Public utilities,T15,"11,650"
Colorado,6,2016,          Insurance premiums,T12,"277,647"
Colorado,6,2016,          Tobacco products,T16,"201,187"
Colorado,6,2016,          Pari-mutuels,T14,620
Colorado,6,2016,          Amusements,T11,"116,374"
Colorado,6,2016,          Other selective sales and gross receipts,T19,"738,934"
Colorado,6,2016,License taxes,TA3,"702,499"
Colorado,6,2016,     Alcoholic beverages,T20,"7,367"
Colorado,6,2016,     Public utilities,T27,"14,717"
Colorado,6,2016,     Motor vehicles,T24,"504,010"
Colorado,6,2016,     Motor vehicle operators,T25,"36,751"
Colorado,6,2016,     Corporations in general,T22,"19,541"
Colorado,6,2016,     Hunting and fishing,T23,"79,664"
Colorado,6,2016,     Amusements,T21,821
Colorado,6,2016,     Occupation and businesses,T28,"39,628"
Colorado,6,2016,     Other license taxes,T29,X
Colorado,6,2016,Income taxes,TA4,"7,111,711"
Colorado,6,2016,     Individual income,T40,"6,485,602"
Colorado,6,2016,     Corporation net income,T41,"626,109"
Colorado,6,2016,Other taxes,TA5,"84,079"
Colorado,6,2016,     Death and gift,T50,X
Colorado,6,2016,     Severance,T53,"84,079"
Colorado,6,2016,     Documentary and stock transfer,T51,X
Colorado,6,2016,"     Other taxes, NEC",T99,X
Connecticut,7,2016,Total Taxes,T00,"15,244,947"
Connecticut,7,2016,Property taxes,T01,X
Connecticut,7,2016,Sales and gross receipts taxes,TA1,"6,149,782"
Connecticut,7,2016,     General sales and gross receipts,T09,"3,752,793"
Connecticut,7,2016,     Selective sales and gross receipts taxes,TA2,"2,396,989"
Connecticut,7,2016,          Motor fuels,T13,"467,749"
Connecticut,7,2016,          Alcoholic beverages,T10,"56,345"
Connecticut,7,2016,          Public utilities,T15,"298,858"
Connecticut,7,2016,          Insurance premiums,T12,"208,895"
Connecticut,7,2016,          Tobacco products,T16,"350,723"
Connecticut,7,2016,          Pari-mutuels,T14,"6,876"
Connecticut,7,2016,          Amusements,T11,"305,057"
Connecticut,7,2016,          Other selective sales and gross receipts,T19,"702,486"
Connecticut,7,2016,License taxes,TA3,"455,454"
Connecticut,7,2016,     Alcoholic beverages,T20,"9,356"
Connecticut,7,2016,     Public utilities,T27,675
Connecticut,7,2016,     Motor vehicles,T24,"224,287"
Connecticut,7,2016,     Motor vehicle operators,T25,"48,719"
Connecticut,7,2016,     Corporations in general,T22,"28,878"
Connecticut,7,2016,     Hunting and fishing,T23,"5,200"
Connecticut,7,2016,     Amusements,T21,230
Connecticut,7,2016,     Occupation and businesses,T28,"133,427"
Connecticut,7,2016,     Other license taxes,T29,"4,682"
Connecticut,7,2016,Income taxes,TA4,"8,276,620"
Connecticut,7,2016,     Individual income,T40,"7,557,153"
Connecticut,7,2016,     Corporation net income,T41,"719,467"
Connecticut,7,2016,Other taxes,TA5,"363,091"
Connecticut,7,2016,     Death and gift,T50,"195,157"
Connecticut,7,2016,     Severance,T53,X
Connecticut,7,2016,     Documentary and stock transfer,T51,"167,132"
Connecticut,7,2016,"     Other taxes, NEC",T99,802
Delaware,8,2016,Total Taxes,T00,"3,522,301"
Delaware,8,2016,Property taxes,T01,X
Delaware,8,2016,Sales and gross receipts taxes,TA1,"539,193"
Delaware,8,2016,     General sales and gross receipts,T09,X
Delaware,8,2016,     Selective sales and gross receipts taxes,TA2,"539,193"
Delaware,8,2016,          Motor fuels,T13,"125,453"
Delaware,8,2016,          Alcoholic beverages,T10,"20,274"
Delaware,8,2016,          Public utilities,T15,"55,394"
Delaware,8,2016,          Insurance premiums,T12,"96,279"
Delaware,8,2016,          Tobacco products,T16,"111,762"
Delaware,8,2016,          Pari-mutuels,T14,69
Delaware,8,2016,          Amusements,T11,X
Delaware,8,2016,          Other selective sales and gross receipts,T19,"129,962"
Delaware,8,2016,License taxes,TA3,"1,452,596"
Delaware,8,2016,     Alcoholic beverages,T20,"1,584"
Delaware,8,2016,     Public utilities,T27,X
Delaware,8,2016,     Motor vehicles,T24,"54,287"
Delaware,8,2016,     Motor vehicle operators,T25,"6,738"
Delaware,8,2016,     Corporations in general,T22,"1,274,897"
Delaware,8,2016,     Hunting and fishing,T23,"3,030"
Delaware,8,2016,     Amusements,T21,306
Delaware,8,2016,     Occupation and businesses,T28,"105,868"
Delaware,8,2016,     Other license taxes,T29,"5,886"
Delaware,8,2016,Income taxes,TA4,"1,430,520"
Delaware,8,2016,     Individual income,T40,"1,112,368"
Delaware,8,2016,     Corporation net income,T41,"318,152"
Delaware,8,2016,Other taxes,TA5,"99,992"
Delaware,8,2016,     Death and gift,T50,"9,350"
Delaware,8,2016,     Severance,T53,X
Delaware,8,2016,     Documentary and stock transfer,T51,"89,527"
Delaware,8,2016,"     Other taxes, NEC",T99,"1,115"
DC,9,2016,Total Taxes,T00,"7,404,521"
DC,9,2016,Property taxes,T01,"2,416,604"
DC,9,2016,Sales and gross receipts taxes,TA1,"1,783,982"
DC,9,2016,     General sales and gross receipts,T09,"1,343,192"
DC,9,2016,     Selective sales and gross receipts taxes,TA2,"440,790"
DC,9,2016,          Motor fuels,T13,"25,332"
DC,9,2016,          Alcoholic beverages,T10,"6,468"
DC,9,2016,          Public utilities,T15,"186,498"
DC,9,2016,          Insurance premiums,T12,"106,887"
DC,9,2016,          Tobacco products,T16,"30,451"
DC,9,2016,          Pari-mutuels,T14,X
DC,9,2016,          Amusements,T11,X
DC,9,2016,          Other selective sales and gross receipts,T19,"85,154"
DC,9,2016,License taxes,TA3,"180,380"
DC,9,2016,     Alcoholic beverages,T20,"7,855"
DC,9,2016,     Public utilities,T27,X
DC,9,2016,     Motor vehicles,T24,"36,751"
DC,9,2016,     Motor vehicle operators,T25,"5,079"
DC,9,2016,     Corporations in general,T22,"32,764"
DC,9,2016,     Hunting and fishing,T23,94
DC,9,2016,     Amusements,T21,X
DC,9,2016,     Occupation and businesses,T28,"49,004"
DC,9,2016,     Other license taxes,T29,"48,833"
DC,9,2016,Income taxes,TA4,"2,464,330"
DC,9,2016,     Individual income,T40,"1,907,862"
DC,9,2016,     Corporation net income,T41,"556,468"
DC,9,2016,Other taxes,TA5,"559,225"
DC,9,2016,     Death and gift,T50,"53,967"
DC,9,2016,     Severance,T53,X
DC,9,2016,     Documentary and stock transfer,T51,"444,194"
DC,9,2016,"     Other taxes, NEC",T99,"61,064"
Florida,10,2016,Total Taxes,T00,"37,640,420"
Florida,10,2016,Property taxes,T01,20
Florida,10,2016,Sales and gross receipts taxes,TA1,"30,429,302"
Florida,10,2016,     General sales and gross receipts,T09,"22,291,157"
Florida,10,2016,     Selective sales and gross receipts taxes,TA2,"8,138,145"
Florida,10,2016,          Motor fuels,T13,"2,611,492"
Florida,10,2016,          Alcoholic beverages,T10,"396,418"
Florida,10,2016,          Public utilities,T15,"2,408,133"
Florida,10,2016,          Insurance premiums,T12,"705,400"
Florida,10,2016,          Tobacco products,T16,"1,223,029"
Florida,10,2016,          Pari-mutuels,T14,"6,921"
Florida,10,2016,          Amusements,T11,"202,942"
Florida,10,2016,          Other selective sales and gross receipts,T19,"583,810"
Florida,10,2016,License taxes,TA3,"2,241,468"
Florida,10,2016,     Alcoholic beverages,T20,"9,132"
Florida,10,2016,     Public utilities,T27,"25,516"
Florida,10,2016,     Motor vehicles,T24,"1,552,251"
Florida,10,2016,     Motor vehicle operators,T25,"117,146"
Florida,10,2016,     Corporations in general,T22,"315,059"
Florida,10,2016,     Hunting and fishing,T23,"17,026"
Florida,10,2016,     Amusements,T21,"18,000"
Florida,10,2016,     Occupation and businesses,T28,"177,077"
Florida,10,2016,     Other license taxes,T29,"10,261"
Florida,10,2016,Income taxes,TA4,"2,272,230"
Florida,10,2016,     Individual income,T40,X
Florida,10,2016,     Corporation net income,T41,"2,272,230"
Florida,10,2016,Other taxes,TA5,"2,697,400"
Florida,10,2016,     Death and gift,T50,140
Florida,10,2016,     Severance,T53,"35,180"
Florida,10,2016,     Documentary and stock transfer,T51,"2,662,080"
Florida,10,2016,"     Other taxes, NEC",T99,X
Georgia,11,2016,Total Taxes,T00,"21,454,446"
Georgia,11,2016,Property taxes,T01,"961,780"
Georgia,11,2016,Sales and gross receipts taxes,TA1,"8,408,456"
Georgia,11,2016,     General sales and gross receipts,T09,"5,480,196"
Georgia,11,2016,     Selective sales and gross receipts taxes,TA2,"2,928,260"
Georgia,11,2016,          Motor fuels,T13,"1,655,028"
Georgia,11,2016,          Alcoholic beverages,T10,"190,536"
Georgia,11,2016,          Public utilities,T15,X
Georgia,11,2016,          Insurance premiums,T12,"428,700"
Georgia,11,2016,          Tobacco products,T16,"219,870"
Georgia,11,2016,          Pari-mutuels,T14,X
Georgia,11,2016,          Amusements,T11,X
Georgia,11,2016,          Other selective sales and gross receipts,T19,"434,126"
Georgia,11,2016,License taxes,TA3,"663,946"
Georgia,11,2016,     Alcoholic beverages,T20,"3,983"
Georgia,11,2016,     Public utilities,T27,X
Georgia,11,2016,     Motor vehicles,T24,"366,897"
Georgia,11,2016,     Motor vehicle operators,T25,"108,475"
Georgia,11,2016,     Corporations in general,T22,"51,050"
Georgia,11,2016,     Hunting and fishing,T23,"26,569"
Georgia,11,2016,     Amusements,T21,X
Georgia,11,2016,     Occupation and businesses,T28,"82,123"
Georgia,11,2016,     Other license taxes,T29,"24,849"
Georgia,11,2016,Income taxes,TA4,"11,420,536"
Georgia,11,2016,     Individual income,T40,"10,439,534"
Georgia,11,2016,     Corporation net income,T41,"981,002"
Georgia,11,2016,Other taxes,TA5,-272
Georgia,11,2016,     Death and gift,T50,-414
Georgia,11,2016,     Severance,T53,X
Georgia,11,2016,     Documentary and stock transfer,T51,142
Georgia,11,2016,"     Other taxes, NEC",T99,X
Hawaii,12,2016,Total Taxes,T00,"6,919,035"
Hawaii,12,2016,Property taxes,T01,X
Hawaii,12,2016,Sales and gross receipts taxes,TA1,"4,315,902"
Hawaii,12,2016,     General sales and gross receipts,T09,"3,206,154"
Hawaii,12,2016,     Selective sales and gross receipts taxes,TA2,"1,109,748"
Hawaii,12,2016,          Motor fuels,T13,"92,591"
Hawaii,12,2016,          Alcoholic beverages,T10,"50,590"
Hawaii,12,2016,          Public utilities,T15,"152,760"
Hawaii,12,2016,          Insurance premiums,T12,"157,900"
Hawaii,12,2016,          Tobacco products,T16,"124,890"
Hawaii,12,2016,          Pari-mutuels,T14,X
Hawaii,12,2016,          Amusements,T11,X
Hawaii,12,2016,          Other selective sales and gross receipts,T19,"531,017"
Hawaii,12,2016,License taxes,TA3,"263,130"
Hawaii,12,2016,     Alcoholic beverages,T20,X
Hawaii,12,2016,     Public utilities,T27,"20,804"
Hawaii,12,2016,     Motor vehicles,T24,"186,742"
Hawaii,12,2016,     Motor vehicle operators,T25,349
Hawaii,12,2016,     Corporations in general,T22,"1,765"
Hawaii,12,2016,     Hunting and fishing,T23,599
Hawaii,12,2016,     Amusements,T21,X
Hawaii,12,2016,     Occupation and businesses,T28,"41,566"
Hawaii,12,2016,     Other license taxes,T29,"11,305"
Hawaii,12,2016,Income taxes,TA4,"2,224,299"
Hawaii,12,2016,     Individual income,T40,"2,116,130"
Hawaii,12,2016,     Corporation net income,T41,"108,169"
Hawaii,12,2016,Other taxes,TA5,"115,704"
Hawaii,12,2016,     Death and gift,T50,"49,613"
Hawaii,12,2016,     Severance,T53,X
Hawaii,12,2016,     Documentary and stock transfer,T51,"66,091"
Hawaii,12,2016,"     Other taxes, NEC",T99,X
Idaho,13,2016,Total Taxes,T00,"4,209,514"
Idaho,13,2016,Property taxes,T01,X
Idaho,13,2016,Sales and gross receipts taxes,TA1,"2,121,094"
Idaho,13,2016,     General sales and gross receipts,T09,"1,559,332"
Idaho,13,2016,     Selective sales and gross receipts taxes,TA2,"561,762"
Idaho,13,2016,          Motor fuels,T13,"337,335"
Idaho,13,2016,          Alcoholic beverages,T10,"9,235"
Idaho,13,2016,          Public utilities,T15,"1,876"
Idaho,13,2016,          Insurance premiums,T12,"87,727"
Idaho,13,2016,          Tobacco products,T16,"50,574"
Idaho,13,2016,          Pari-mutuels,T14,"3,666"
Idaho,13,2016,          Amusements,T11,X
Idaho,13,2016,          Other selective sales and gross receipts,T19,"71,349"
Idaho,13,2016,License taxes,TA3,"372,883"
Idaho,13,2016,     Alcoholic beverages,T20,"1,662"
Idaho,13,2016,     Public utilities,T27,"57,166"
Idaho,13,2016,     Motor vehicles,T24,"177,260"
Idaho,13,2016,     Motor vehicle operators,T25,"11,187"
Idaho,13,2016,     Corporations in general,T22,"2,502"
Idaho,13,2016,     Hunting and fishing,T23,"39,984"
Idaho,13,2016,     Amusements,T21,289
Idaho,13,2016,     Occupation and businesses,T28,"79,026"
Idaho,13,2016,     Other license taxes,T29,"3,807"
Idaho,13,2016,Income taxes,TA4,"1,710,234"
Idaho,13,2016,     Individual income,T40,"1,521,238"
Idaho,13,2016,     Corporation net income,T41,"188,996"
Idaho,13,2016,Other taxes,TA5,"5,303"
Idaho,13,2016,     Death and gift,T50,X
Idaho,13,2016,     Severance,T53,"5,303"
Idaho,13,2016,     Documentary and stock transfer,T51,X
Idaho,13,2016,"     Other taxes, NEC",T99,X
Illinois,14,2016,Total Taxes,T00,"36,634,690"
Illinois,14,2016,Property taxes,T01,"60,814"
Illinois,14,2016,Sales and gross receipts taxes,TA1,"16,251,735"
Illinois,14,2016,     General sales and gross receipts,T09,"9,071,546"
Illinois,14,2016,     Selective sales and gross receipts taxes,TA2,"7,180,189"
Illinois,14,2016,          Motor fuels,T13,"1,354,039"
Illinois,14,2016,          Alcoholic beverages,T10,"287,865"
Illinois,14,2016,          Public utilities,T15,"1,586,315"
Illinois,14,2016,          Insurance premiums,T12,"424,959"
Illinois,14,2016,          Tobacco products,T16,"844,928"
Illinois,14,2016,          Pari-mutuels,T14,"6,420"
Illinois,14,2016,          Amusements,T11,"787,519"
Illinois,14,2016,          Other selective sales and gross receipts,T19,"1,888,144"
Illinois,14,2016,License taxes,TA3,"2,745,949"
Illinois,14,2016,     Alcoholic beverages,T20,"13,097"
Illinois,14,2016,     Public utilities,T27,"4,723"
Illinois,14,2016,     Motor vehicles,T24,"1,695,934"
Illinois,14,2016,     Motor vehicle operators,T25,"116,222"
Illinois,14,2016,     Corporations in general,T22,"363,019"
Illinois,14,2016,     Hunting and fishing,T23,"40,354"
Illinois,14,2016,     Amusements,T21,"15,442"
Illinois,14,2016,     Occupation and businesses,T28,"469,273"
Illinois,14,2016,     Other license taxes,T29,"27,885"
Illinois,14,2016,Income taxes,TA4,"17,173,986"
Illinois,14,2016,     Individual income,T40,"13,806,525"
Illinois,14,2016,     Corporation net income,T41,"3,367,461"
Illinois,14,2016,Other taxes,TA5,"402,206"
Illinois,14,2016,     Death and gift,T50,"325,230"
Illinois,14,2016,     Severance,T53,X
Illinois,14,2016,     Documentary and stock transfer,T51,"76,976"
Illinois,14,2016,"     Other taxes, NEC",T99,X
Indiana,15,2016,Total Taxes,T00,"17,587,958"
Indiana,15,2016,Property taxes,T01,"10,699"
Indiana,15,2016,Sales and gross receipts taxes,TA1,"10,608,207"
Indiana,15,2016,     General sales and gross receipts,T09,"7,306,331"
Indiana,15,2016,     Selective sales and gross receipts taxes,TA2,"3,301,876"
Indiana,15,2016,          Motor fuels,T13,"845,384"
Indiana,15,2016,          Alcoholic beverages,T10,"48,310"
Indiana,15,2016,          Public utilities,T15,"214,976"
Indiana,15,2016,          Insurance premiums,T12,"235,024"
Indiana,15,2016,          Tobacco products,T16,"443,210"
Indiana,15,2016,          Pari-mutuels,T14,"1,958"
Indiana,15,2016,          Amusements,T11,"578,829"
Indiana,15,2016,          Other selective sales and gross receipts,T19,"934,185"
Indiana,15,2016,License taxes,TA3,"714,634"
Indiana,15,2016,     Alcoholic beverages,T20,"12,871"
Indiana,15,2016,     Public utilities,T27,X
Indiana,15,2016,     Motor vehicles,T24,"294,209"
Indiana,15,2016,     Motor vehicle operators,T25,"237,329"
Indiana,15,2016,     Corporations in general,T22,"7,534"
Indiana,15,2016,     Hunting and fishing,T23,"19,362"
Indiana,15,2016,     Amusements,T21,"5,912"
Indiana,15,2016,     Occupation and businesses,T28,"55,437"
Indiana,15,2016,     Other license taxes,T29,"81,980"
Indiana,15,2016,Income taxes,TA4,"6,252,533"
Indiana,15,2016,     Individual income,T40,"5,218,166"
Indiana,15,2016,     Corporation net income,T41,"1,034,367"
Indiana,15,2016,Other taxes,TA5,"1,885"
Indiana,15,2016,     Death and gift,T50,872
Indiana,15,2016,     Severance,T53,"1,013"
Indiana,15,2016,     Documentary and stock transfer,T51,X
Indiana,15,2016,"     Other taxes, NEC",T99,X
Iowa,16,2016,Total Taxes,T00,"9,558,563"
Iowa,16,2016,Property taxes,T01,"1,410"
Iowa,16,2016,Sales and gross receipts taxes,TA1,"4,591,421"
Iowa,16,2016,     General sales and gross receipts,T09,"3,162,854"
Iowa,16,2016,     Selective sales and gross receipts taxes,TA2,"1,428,567"
Iowa,16,2016,          Motor fuels,T13,"689,693"
Iowa,16,2016,          Alcoholic beverages,T10,"22,423"
Iowa,16,2016,          Public utilities,T15,"28,700"
Iowa,16,2016,          Insurance premiums,T12,"119,571"
Iowa,16,2016,          Tobacco products,T16,"227,901"
Iowa,16,2016,          Pari-mutuels,T14,"3,666"
Iowa,16,2016,          Amusements,T11,"298,017"
Iowa,16,2016,          Other selective sales and gross receipts,T19,"38,596"
Iowa,16,2016,License taxes,TA3,"925,958"
Iowa,16,2016,     Alcoholic beverages,T20,"15,468"
Iowa,16,2016,     Public utilities,T27,"12,035"
Iowa,16,2016,     Motor vehicles,T24,"610,762"
Iowa,16,2016,     Motor vehicle operators,T25,"16,750"
Iowa,16,2016,     Corporations in general,T22,"46,695"
Iowa,16,2016,     Hunting and fishing,T23,"29,246"
Iowa,16,2016,     Amusements,T21,"33,156"
Iowa,16,2016,     Occupation and businesses,T28,"153,278"
Iowa,16,2016,     Other license taxes,T29,"8,568"
Iowa,16,2016,Income taxes,TA4,"3,930,190"
Iowa,16,2016,     Individual income,T40,"3,553,325"
Iowa,16,2016,     Corporation net income,T41,"376,865"
Iowa,16,2016,Other taxes,TA5,"109,584"
Iowa,16,2016,     Death and gift,T50,"88,759"
Iowa,16,2016,     Severance,T53,X
Iowa,16,2016,     Documentary and stock transfer,T51,"20,825"
Iowa,16,2016,"     Other taxes, NEC",T99,X
Kansas,17,2016,Total Taxes,T00,"8,058,949"
Kansas,17,2016,Property taxes,T01,"663,841"
Kansas,17,2016,Sales and gross receipts taxes,TA1,"4,324,953"
Kansas,17,2016,     General sales and gross receipts,T09,"3,240,354"
Kansas,17,2016,     Selective sales and gross receipts taxes,TA2,"1,084,599"
Kansas,17,2016,          Motor fuels,T13,"450,633"
Kansas,17,2016,          Alcoholic beverages,T10,"133,709"
Kansas,17,2016,          Public utilities,T15,406
Kansas,17,2016,          Insurance premiums,T12,"305,631"
Kansas,17,2016,          Tobacco products,T16,"146,552"
Kansas,17,2016,          Pari-mutuels,T14,X
Kansas,17,2016,          Amusements,T11,331
Kansas,17,2016,          Other selective sales and gross receipts,T19,"47,337"
Kansas,17,2016,License taxes,TA3,"396,648"
Kansas,17,2016,     Alcoholic beverages,T20,"3,672"
Kansas,17,2016,     Public utilities,T27,"4,981"
Kansas,17,2016,     Motor vehicles,T24,"219,463"
Kansas,17,2016,     Motor vehicle operators,T25,"20,189"
Kansas,17,2016,     Corporations in general,T22,"27,173"
Kansas,17,2016,     Hunting and fishing,T23,"30,568"
Kansas,17,2016,     Amusements,T21,"6,379"
Kansas,17,2016,     Occupation and businesses,T28,"81,617"
Kansas,17,2016,     Other license taxes,T29,"2,606"
Kansas,17,2016,Income taxes,TA4,"2,623,779"
Kansas,17,2016,     Individual income,T40,"2,231,902"
Kansas,17,2016,     Corporation net income,T41,"391,877"
Kansas,17,2016,Other taxes,TA5,"49,728"
Kansas,17,2016,     Death and gift,T50,1
Kansas,17,2016,     Severance,T53,"49,727"
Kansas,17,2016,     Documentary and stock transfer,T51,X
Kansas,17,2016,"     Other taxes, NEC",T99,X
Kentucky,18,2016,Total Taxes,T00,"11,778,866"
Kentucky,18,2016,Property taxes,T01,"577,544"
Kentucky,18,2016,Sales and gross receipts taxes,TA1,"5,603,120"
Kentucky,18,2016,     General sales and gross receipts,T09,"3,462,704"
Kentucky,18,2016,     Selective sales and gross receipts taxes,TA2,"2,140,416"
Kentucky,18,2016,          Motor fuels,T13,"750,034"
Kentucky,18,2016,          Alcoholic beverages,T10,"139,248"
Kentucky,18,2016,          Public utilities,T15,"64,681"
Kentucky,18,2016,          Insurance premiums,T12,"145,250"
Kentucky,18,2016,          Tobacco products,T16,"245,581"
Kentucky,18,2016,          Pari-mutuels,T14,"4,993"
Kentucky,18,2016,          Amusements,T11,229
Kentucky,18,2016,          Other selective sales and gross receipts,T19,"790,400"
Kentucky,18,2016,License taxes,TA3,"505,377"
Kentucky,18,2016,     Alcoholic beverages,T20,"6,616"
Kentucky,18,2016,     Public utilities,T27,X
Kentucky,18,2016,     Motor vehicles,T24,"207,617"
Kentucky,18,2016,     Motor vehicle operators,T25,"16,836"
Kentucky,18,2016,     Corporations in general,T22,"109,321"
Kentucky,18,2016,     Hunting and fishing,T23,"28,455"
Kentucky,18,2016,     Amusements,T21,324
Kentucky,18,2016,     Occupation and businesses,T28,"130,826"
Kentucky,18,2016,     Other license taxes,T29,"5,382"
Kentucky,18,2016,Income taxes,TA4,"4,888,920"
Kentucky,18,2016,     Individual income,T40,"4,282,080"
Kentucky,18,2016,     Corporation net income,T41,"606,840"
Kentucky,18,2016,Other taxes,TA5,"203,905"
Kentucky,18,2016,     Death and gift,T50,"51,247"
Kentucky,18,2016,     Severance,T53,"149,403"
Kentucky,18,2016,     Documentary and stock transfer,T51,"3,255"
Kentucky,18,2016,"     Other taxes, NEC",T99,X
Louisiana,19,2016,Total Taxes,T00,"9,309,673"
Louisiana,19,2016,Property taxes,T01,"62,273"
Louisiana,19,2016,Sales and gross receipts taxes,TA1,"5,352,907"
Louisiana,19,2016,     General sales and gross receipts,T09,"3,186,614"
Louisiana,19,2016,     Selective sales and gross receipts taxes,TA2,"2,166,293"
Louisiana,19,2016,          Motor fuels,T13,"622,234"
Louisiana,19,2016,          Alcoholic beverages,T10,"63,356"
Louisiana,19,2016,          Public utilities,T15,"8,618"
Louisiana,19,2016,          Insurance premiums,T12,"518,906"
Louisiana,19,2016,          Tobacco products,T16,"121,200"
Louisiana,19,2016,          Pari-mutuels,T14,"4,338"
Louisiana,19,2016,          Amusements,T11,"702,573"
Louisiana,19,2016,          Other selective sales and gross receipts,T19,"125,068"
Louisiana,19,2016,License taxes,TA3,"400,191"
Louisiana,19,2016,     Alcoholic beverages,T20,X
Louisiana,19,2016,     Public utilities,T27,"11,678"
Louisiana,19,2016,     Motor vehicles,T24,"133,362"
Louisiana,19,2016,     Motor vehicle operators,T25,"14,277"
Louisiana,19,2016,     Corporations in general,T22,"106,104"
Louisiana,19,2016,     Hunting and fishing,T23,"30,789"
Louisiana,19,2016,     Amusements,T21,X
Louisiana,19,2016,     Occupation and businesses,T28,"99,581"
Louisiana,19,2016,     Other license taxes,T29,"4,400"
Louisiana,19,2016,Income taxes,TA4,"3,038,035"
Louisiana,19,2016,     Individual income,T40,"2,866,456"
Louisiana,19,2016,     Corporation net income,T41,"171,579"
Louisiana,19,2016,Other taxes,TA5,"456,267"
Louisiana,19,2016,     Death and gift,T50,X
Louisiana,19,2016,     Severance,T53,"456,267"
Louisiana,19,2016,     Documentary and stock transfer,T51,X
Louisiana,19,2016,"     Other taxes, NEC",T99,X
Maine,20,2016,Total Taxes,T00,"4,130,242"
Maine,20,2016,Property taxes,T01,"35,425"
Maine,20,2016,Sales and gross receipts taxes,TA1,"2,077,913"
Maine,20,2016,     General sales and gross receipts,T09,"1,359,190"
Maine,20,2016,     Selective sales and gross receipts taxes,TA2,"718,723"
Maine,20,2016,          Motor fuels,T13,"245,053"
Maine,20,2016,          Alcoholic beverages,T10,"18,741"
Maine,20,2016,          Public utilities,T15,"21,674"
Maine,20,2016,          Insurance premiums,T12,"102,528"
Maine,20,2016,          Tobacco products,T16,"141,464"
Maine,20,2016,          Pari-mutuels,T14,"1,562"
Maine,20,2016,          Amusements,T11,"53,255"
Maine,20,2016,          Other selective sales and gross receipts,T19,"134,446"
Maine,20,2016,License taxes,TA3,"272,253"
Maine,20,2016,     Alcoholic beverages,T20,"5,445"
Maine,20,2016,     Public utilities,T27,X
Maine,20,2016,     Motor vehicles,T24,"108,845"
Maine,20,2016,     Motor vehicle operators,T25,"10,935"
Maine,20,2016,     Corporations in general,T22,"10,100"
Maine,20,2016,     Hunting and fishing,T23,"16,731"
Maine,20,2016,     Amusements,T21,590
Maine,20,2016,     Occupation and businesses,T28,"110,986"
Maine,20,2016,     Other license taxes,T29,"8,621"
Maine,20,2016,Income taxes,TA4,"1,689,129"
Maine,20,2016,     Individual income,T40,"1,551,637"
Maine,20,2016,     Corporation net income,T41,"137,492"
Maine,20,2016,Other taxes,TA5,"55,522"
Maine,20,2016,     Death and gift,T50,"27,198"
Maine,20,2016,     Severance,T53,X
Maine,20,2016,     Documentary and stock transfer,T51,"28,324"
Maine,20,2016,"     Other taxes, NEC",T99,X
Maryland,21,2016,Total Taxes,T00,"20,894,199"
Maryland,21,2016,Property taxes,T01,"748,389"
Maryland,21,2016,Sales and gross receipts taxes,TA1,"8,939,430"
Maryland,21,2016,     General sales and gross receipts,T09,"4,504,242"
Maryland,21,2016,     Selective sales and gross receipts taxes,TA2,"4,435,188"
Maryland,21,2016,          Motor fuels,T13,"1,017,769"
Maryland,21,2016,          Alcoholic beverages,T10,"31,627"
Maryland,21,2016,          Public utilities,T15,"137,537"
Maryland,21,2016,          Insurance premiums,T12,"552,526"
Maryland,21,2016,          Tobacco products,T16,"395,266"
Maryland,21,2016,          Pari-mutuels,T14,"1,173"
Maryland,21,2016,          Amusements,T11,"650,293"
Maryland,21,2016,          Other selective sales and gross receipts,T19,"1,648,997"
Maryland,21,2016,License taxes,TA3,"884,363"
Maryland,21,2016,     Alcoholic beverages,T20,"1,446"
Maryland,21,2016,     Public utilities,T27,X
Maryland,21,2016,     Motor vehicles,T24,"492,753"
Maryland,21,2016,     Motor vehicle operators,T25,"36,597"
Maryland,21,2016,     Corporations in general,T22,"103,860"
Maryland,21,2016,     Hunting and fishing,T23,"17,883"
Maryland,21,2016,     Amusements,T21,"1,415"
Maryland,21,2016,     Occupation and businesses,T28,"228,582"
Maryland,21,2016,     Other license taxes,T29,"1,827"
Maryland,21,2016,Income taxes,TA4,"9,646,537"
Maryland,21,2016,     Individual income,T40,"8,517,529"
Maryland,21,2016,     Corporation net income,T41,"1,129,008"
Maryland,21,2016,Other taxes,TA5,"675,480"
Maryland,21,2016,     Death and gift,T50,"261,922"
Maryland,21,2016,     Severance,T53,X
Maryland,21,2016,     Documentary and stock transfer,T51,"200,858"
Maryland,21,2016,"     Other taxes, NEC",T99,"212,700"
Massachusetts,22,2016,Total Taxes,T00,"27,283,005"
Massachusetts,22,2016,Property taxes,T01,"5,818"
Massachusetts,22,2016,Sales and gross receipts taxes,TA1,"8,683,866"
Massachusetts,22,2016,     General sales and gross receipts,T09,"6,089,860"
Massachusetts,22,2016,     Selective sales and gross receipts taxes,TA2,"2,594,006"
Massachusetts,22,2016,          Motor fuels,T13,"766,553"
Massachusetts,22,2016,          Alcoholic beverages,T10,"83,395"
Massachusetts,22,2016,          Public utilities,T15,"24,929"
Massachusetts,22,2016,          Insurance premiums,T12,"406,796"
Massachusetts,22,2016,          Tobacco products,T16,"640,839"
Massachusetts,22,2016,          Pari-mutuels,T14,"1,326"
Massachusetts,22,2016,          Amusements,T11,"66,844"
Massachusetts,22,2016,          Other selective sales and gross receipts,T19,"603,324"
Massachusetts,22,2016,License taxes,TA3,"1,122,219"
Massachusetts,22,2016,     Alcoholic beverages,T20,"3,450"
Massachusetts,22,2016,     Public utilities,T27,X
Massachusetts,22,2016,     Motor vehicles,T24,"464,428"
Massachusetts,22,2016,     Motor vehicle operators,T25,"99,051"
Massachusetts,22,2016,     Corporations in general,T22,"26,922"
Massachusetts,22,2016,     Hunting and fishing,T23,"5,532"
Massachusetts,22,2016,     Amusements,T21,"14,916"
Massachusetts,22,2016,     Occupation and businesses,T28,"324,481"
Massachusetts,22,2016,     Other license taxes,T29,"183,439"
Massachusetts,22,2016,Income taxes,TA4,"16,764,223"
Massachusetts,22,2016,     Individual income,T40,"14,430,331"
Massachusetts,22,2016,     Corporation net income,T41,"2,333,892"
Massachusetts,22,2016,Other taxes,TA5,"706,879"
Massachusetts,22,2016,     Death and gift,T50,"399,429"
Massachusetts,22,2016,     Severance,T53,X
Massachusetts,22,2016,     Documentary and stock transfer,T51,"307,450"
Massachusetts,22,2016,"     Other taxes, NEC",T99,X
Michigan,23,2016,Total Taxes,T00,"27,436,607"
Michigan,23,2016,Property taxes,T01,"2,034,013"
Michigan,23,2016,Sales and gross receipts taxes,TA1,"13,239,133"
Michigan,23,2016,     General sales and gross receipts,T09,"9,163,542"
Michigan,23,2016,     Selective sales and gross receipts taxes,TA2,"4,075,591"
Michigan,23,2016,          Motor fuels,T13,"1,028,780"
Michigan,23,2016,          Alcoholic beverages,T10,"157,242"
Michigan,23,2016,          Public utilities,T15,"28,208"
Michigan,23,2016,          Insurance premiums,T12,"328,138"
Michigan,23,2016,          Tobacco products,T16,"947,194"
Michigan,23,2016,          Pari-mutuels,T14,"3,878"
Michigan,23,2016,          Amusements,T11,"111,618"
Michigan,23,2016,          Other selective sales and gross receipts,T19,"1,470,533"
Michigan,23,2016,License taxes,TA3,"1,660,663"
Michigan,23,2016,     Alcoholic beverages,T20,"17,469"
Michigan,23,2016,     Public utilities,T27,"33,857"
Michigan,23,2016,     Motor vehicles,T24,"1,070,548"
Michigan,23,2016,     Motor vehicle operators,T25,"59,478"
Michigan,23,2016,     Corporations in general,T22,"23,703"
Michigan,23,2016,     Hunting and fishing,T23,"64,214"
Michigan,23,2016,     Amusements,T21,X
Michigan,23,2016,     Occupation and businesses,T28,"162,626"
Michigan,23,2016,     Other license taxes,T29,"228,768"
Michigan,23,2016,Income taxes,TA4,"10,202,060"
Michigan,23,2016,     Individual income,T40,"9,303,847"
Michigan,23,2016,     Corporation net income,T41,"898,213"
Michigan,23,2016,Other taxes,TA5,"300,738"
Michigan,23,2016,     Death and gift,T50,23
Michigan,23,2016,     Severance,T53,"23,565"
Michigan,23,2016,     Documentary and stock transfer,T51,"277,149"
Michigan,23,2016,"     Other taxes, NEC",T99,1
Minnesota,24,2016,Total Taxes,T00,"25,189,128"
Minnesota,24,2016,Property taxes,T01,"849,824"
Minnesota,24,2016,Sales and gross receipts taxes,TA1,"10,120,647"
Minnesota,24,2016,     General sales and gross receipts,T09,"5,583,910"
Minnesota,24,2016,     Selective sales and gross receipts taxes,TA2,"4,536,737"
Minnesota,24,2016,          Motor fuels,T13,"901,156"
Minnesota,24,2016,          Alcoholic beverages,T10,"88,352"
Minnesota,24,2016,          Public utilities,T15,54
Minnesota,24,2016,          Insurance premiums,T12,"457,876"
Minnesota,24,2016,          Tobacco products,T16,"650,042"
Minnesota,24,2016,          Pari-mutuels,T14,522
Minnesota,24,2016,          Amusements,T11,"56,310"
Minnesota,24,2016,          Other selective sales and gross receipts,T19,"2,382,425"
Minnesota,24,2016,License taxes,TA3,"1,426,235"
Minnesota,24,2016,     Alcoholic beverages,T20,"2,580"
Minnesota,24,2016,     Public utilities,T27,934
Minnesota,24,2016,     Motor vehicles,T24,"741,938"
Minnesota,24,2016,     Motor vehicle operators,T25,"47,452"
Minnesota,24,2016,     Corporations in general,T22,"8,201"
Minnesota,24,2016,     Hunting and fishing,T23,"64,581"
Minnesota,24,2016,     Amusements,T21,"1,161"
Minnesota,24,2016,     Occupation and businesses,T28,"499,122"
Minnesota,24,2016,     Other license taxes,T29,"60,266"
Minnesota,24,2016,Income taxes,TA4,"12,248,267"
Minnesota,24,2016,     Individual income,T40,"10,732,570"
Minnesota,24,2016,     Corporation net income,T41,"1,515,697"
Minnesota,24,2016,Other taxes,TA5,"544,155"
Minnesota,24,2016,     Death and gift,T50,"182,499"
Minnesota,24,2016,     Severance,T53,"49,711"
Minnesota,24,2016,     Documentary and stock transfer,T51,"226,485"
Minnesota,24,2016,"     Other taxes, NEC",T99,"85,460"
Mississippi,25,2016,Total Taxes,T00,"7,660,391"
Mississippi,25,2016,Property taxes,T01,"26,725"
Mississippi,25,2016,Sales and gross receipts taxes,TA1,"4,777,794"
Mississippi,25,2016,     General sales and gross receipts,T09,"3,297,760"
Mississippi,25,2016,     Selective sales and gross receipts taxes,TA2,"1,480,034"
Mississippi,25,2016,          Motor fuels,T13,"443,578"
Mississippi,25,2016,          Alcoholic beverages,T10,"42,352"
Mississippi,25,2016,          Public utilities,T15,"1,602"
Mississippi,25,2016,          Insurance premiums,T12,"317,659"
Mississippi,25,2016,          Tobacco products,T16,"145,931"
Mississippi,25,2016,          Pari-mutuels,T14,X
Mississippi,25,2016,          Amusements,T11,"133,847"
Mississippi,25,2016,          Other selective sales and gross receipts,T19,"395,065"
Mississippi,25,2016,License taxes,TA3,"553,510"
Mississippi,25,2016,     Alcoholic beverages,T20,"1,306"
Mississippi,25,2016,     Public utilities,T27,"7,292"
Mississippi,25,2016,     Motor vehicles,T24,"158,029"
Mississippi,25,2016,     Motor vehicle operators,T25,"15,272"
Mississippi,25,2016,     Corporations in general,T22,"144,283"
Mississippi,25,2016,     Hunting and fishing,T23,"2,731"
Mississippi,25,2016,     Amusements,T21,"35,337"
Mississippi,25,2016,     Occupation and businesses,T28,"129,892"
Mississippi,25,2016,     Other license taxes,T29,"59,368"
Mississippi,25,2016,Income taxes,TA4,"2,263,164"
Mississippi,25,2016,     Individual income,T40,"1,800,053"
Mississippi,25,2016,     Corporation net income,T41,"463,111"
Mississippi,25,2016,Other taxes,TA5,"39,198"
Mississippi,25,2016,     Death and gift,T50,4
Mississippi,25,2016,     Severance,T53,"39,194"
Mississippi,25,2016,     Documentary and stock transfer,T51,X
Mississippi,25,2016,"     Other taxes, NEC",T99,X
Missouri,26,2016,Total Taxes,T00,"12,245,169"
Missouri,26,2016,Property taxes,T01,"30,892"
Missouri,26,2016,Sales and gross receipts taxes,TA1,"5,302,264"
Missouri,26,2016,     General sales and gross receipts,T09,"3,536,396"
Missouri,26,2016,     Selective sales and gross receipts taxes,TA2,"1,765,868"
Missouri,26,2016,          Motor fuels,T13,"717,178"
Missouri,26,2016,          Alcoholic beverages,T10,"36,849"
Missouri,26,2016,          Public utilities,T15,X
Missouri,26,2016,          Insurance premiums,T12,"400,734"
Missouri,26,2016,          Tobacco products,T16,"101,944"
Missouri,26,2016,          Pari-mutuels,T14,X
Missouri,26,2016,          Amusements,T11,"367,814"
Missouri,26,2016,          Other selective sales and gross receipts,T19,"141,349"
Missouri,26,2016,License taxes,TA3,"547,326"
Missouri,26,2016,     Alcoholic beverages,T20,"5,359"
Missouri,26,2016,     Public utilities,T27,"19,842"
Missouri,26,2016,     Motor vehicles,T24,"289,124"
Missouri,26,2016,     Motor vehicle operators,T25,"17,356"
Missouri,26,2016,     Corporations in general,T22,"13,430"
Missouri,26,2016,     Hunting and fishing,T23,"34,369"
Missouri,26,2016,     Amusements,T21,"1,799"
Missouri,26,2016,     Occupation and businesses,T28,"143,496"
Missouri,26,2016,     Other license taxes,T29,"22,551"
Missouri,26,2016,Income taxes,TA4,"6,352,437"
Missouri,26,2016,     Individual income,T40,"6,023,701"
Missouri,26,2016,     Corporation net income,T41,"328,736"
Missouri,26,2016,Other taxes,TA5,"12,250"
Missouri,26,2016,     Death and gift,T50,56
Missouri,26,2016,     Severance,T53,9
Missouri,26,2016,     Documentary and stock transfer,T51,"12,102"
Missouri,26,2016,"     Other taxes, NEC",T99,83
Montana,27,2016,Total Taxes,T00,"2,627,943"
Montana,27,2016,Property taxes,T01,"278,497"
Montana,27,2016,Sales and gross receipts taxes,TA1,"562,474"
Montana,27,2016,     General sales and gross receipts,T09,X
Montana,27,2016,     Selective sales and gross receipts taxes,TA2,"562,474"
Montana,27,2016,          Motor fuels,T13,"186,083"
Montana,27,2016,          Alcoholic beverages,T10,"31,907"
Montana,27,2016,          Public utilities,T15,"43,995"
Montana,27,2016,          Insurance premiums,T12,"98,463"
Montana,27,2016,          Tobacco products,T16,"86,289"
Montana,27,2016,          Pari-mutuels,T14,44
Montana,27,2016,          Amusements,T11,"60,392"
Montana,27,2016,          Other selective sales and gross receipts,T19,"55,301"
Montana,27,2016,License taxes,TA3,"319,020"
Montana,27,2016,     Alcoholic beverages,T20,"3,374"
Montana,27,2016,     Public utilities,T27,12
Montana,27,2016,     Motor vehicles,T24,"144,973"
Montana,27,2016,     Motor vehicle operators,T25,"8,573"
Montana,27,2016,     Corporations in general,T22,"4,282"
Montana,27,2016,     Hunting and fishing,T23,"32,517"
Montana,27,2016,     Amusements,T21,"7,576"
Montana,27,2016,     Occupation and businesses,T28,"107,039"
Montana,27,2016,     Other license taxes,T29,"10,674"
Montana,27,2016,Income taxes,TA4,"1,300,011"
Montana,27,2016,     Individual income,T40,"1,181,042"
Montana,27,2016,     Corporation net income,T41,"118,969"
Montana,27,2016,Other taxes,TA5,"167,941"
Montana,27,2016,     Death and gift,T50,X
Montana,27,2016,     Severance,T53,"164,373"
Montana,27,2016,     Documentary and stock transfer,T51,X
Montana,27,2016,"     Other taxes, NEC",T99,"3,568"
Nebraska,28,2016,Total Taxes,T00,"5,117,133"
Nebraska,28,2016,Property taxes,T01,123
Nebraska,28,2016,Sales and gross receipts taxes,TA1,"2,362,718"
Nebraska,28,2016,     General sales and gross receipts,T09,"1,783,498"
Nebraska,28,2016,     Selective sales and gross receipts taxes,TA2,"579,220"
Nebraska,28,2016,          Motor fuels,T13,"342,004"
Nebraska,28,2016,          Alcoholic beverages,T10,"30,520"
Nebraska,28,2016,          Public utilities,T15,"49,288"
Nebraska,28,2016,          Insurance premiums,T12,"65,465"
Nebraska,28,2016,          Tobacco products,T16,"61,258"
Nebraska,28,2016,          Pari-mutuels,T14,160
Nebraska,28,2016,          Amusements,T11,"5,800"
Nebraska,28,2016,          Other selective sales and gross receipts,T19,"24,725"
Nebraska,28,2016,License taxes,TA3,"185,082"
Nebraska,28,2016,     Alcoholic beverages,T20,648
Nebraska,28,2016,     Public utilities,T27,X
Nebraska,28,2016,     Motor vehicles,T24,"104,287"
Nebraska,28,2016,     Motor vehicle operators,T25,"10,838"
Nebraska,28,2016,     Corporations in general,T22,"16,213"
Nebraska,28,2016,     Hunting and fishing,T23,"14,608"
Nebraska,28,2016,     Amusements,T21,"1,589"
Nebraska,28,2016,     Occupation and businesses,T28,"35,843"
Nebraska,28,2016,     Other license taxes,T29,"1,056"
Nebraska,28,2016,Income taxes,TA4,"2,552,391"
Nebraska,28,2016,     Individual income,T40,"2,244,719"
Nebraska,28,2016,     Corporation net income,T41,"307,672"
Nebraska,28,2016,Other taxes,TA5,"16,819"
Nebraska,28,2016,     Death and gift,T50,X
Nebraska,28,2016,     Severance,T53,"2,527"
Nebraska,28,2016,     Documentary and stock transfer,T51,"14,292"
Nebraska,28,2016,"     Other taxes, NEC",T99,X
Nevada,29,2016,Total Taxes,T00,"8,025,046"
Nevada,29,2016,Property taxes,T01,"280,055"
Nevada,29,2016,Sales and gross receipts taxes,TA1,"6,347,777"
Nevada,29,2016,     General sales and gross receipts,T09,"4,266,267"
Nevada,29,2016,     Selective sales and gross receipts taxes,TA2,"2,081,510"
Nevada,29,2016,          Motor fuels,T13,"315,897"
Nevada,29,2016,          Alcoholic beverages,T10,"45,098"
Nevada,29,2016,          Public utilities,T15,"23,357"
Nevada,29,2016,          Insurance premiums,T12,"310,223"
Nevada,29,2016,          Tobacco products,T16,"174,663"
Nevada,29,2016,          Pari-mutuels,T14,3
Nevada,29,2016,          Amusements,T11,"930,045"
Nevada,29,2016,          Other selective sales and gross receipts,T19,"282,224"
Nevada,29,2016,License taxes,TA3,"651,067"
Nevada,29,2016,     Alcoholic beverages,T20,X
Nevada,29,2016,     Public utilities,T27,X
Nevada,29,2016,     Motor vehicles,T24,"196,610"
Nevada,29,2016,     Motor vehicle operators,T25,"30,859"
Nevada,29,2016,     Corporations in general,T22,"75,726"
Nevada,29,2016,     Hunting and fishing,T23,"12,817"
Nevada,29,2016,     Amusements,T21,"88,907"
Nevada,29,2016,     Occupation and businesses,T28,"242,794"
Nevada,29,2016,     Other license taxes,T29,"3,354"
Nevada,29,2016,Income taxes,TA4,X
Nevada,29,2016,     Individual income,T40,X
Nevada,29,2016,     Corporation net income,T41,X
Nevada,29,2016,Other taxes,TA5,"746,147"
Nevada,29,2016,     Death and gift,T50,X
Nevada,29,2016,     Severance,T53,"102,686"
Nevada,29,2016,     Documentary and stock transfer,T51,"81,683"
Nevada,29,2016,"     Other taxes, NEC",T99,"561,778"
New Hampshire,30,2016,Total Taxes,T00,"2,641,946"
New Hampshire,30,2016,Property taxes,T01,"406,394"
New Hampshire,30,2016,Sales and gross receipts taxes,TA1,"982,832"
New Hampshire,30,2016,     General sales and gross receipts,T09,X
New Hampshire,30,2016,     Selective sales and gross receipts taxes,TA2,"982,832"
New Hampshire,30,2016,          Motor fuels,T13,"144,930"
New Hampshire,30,2016,          Alcoholic beverages,T10,"12,850"
New Hampshire,30,2016,          Public utilities,T15,"58,206"
New Hampshire,30,2016,          Insurance premiums,T12,"113,473"
New Hampshire,30,2016,          Tobacco products,T16,"226,482"
New Hampshire,30,2016,          Pari-mutuels,T14,922
New Hampshire,30,2016,          Amusements,T11,427
New Hampshire,30,2016,          Other selective sales and gross receipts,T19,"425,542"
New Hampshire,30,2016,License taxes,TA3,"329,549"
New Hampshire,30,2016,     Alcoholic beverages,T20,"18,056"
New Hampshire,30,2016,     Public utilities,T27,"16,989"
New Hampshire,30,2016,     Motor vehicles,T24,"116,127"
New Hampshire,30,2016,     Motor vehicle operators,T25,"5,849"
New Hampshire,30,2016,     Corporations in general,T22,"59,010"
New Hampshire,30,2016,     Hunting and fishing,T23,"11,742"
New Hampshire,30,2016,     Amusements,T21,288
New Hampshire,30,2016,     Occupation and businesses,T28,"100,049"
New Hampshire,30,2016,     Other license taxes,T29,"1,439"
New Hampshire,30,2016,Income taxes,TA4,"788,210"
New Hampshire,30,2016,     Individual income,T40,"87,973"
New Hampshire,30,2016,     Corporation net income,T41,"700,237"
New Hampshire,30,2016,Other taxes,TA5,"134,961"
New Hampshire,30,2016,     Death and gift,T50,X
New Hampshire,30,2016,     Severance,T53,X
New Hampshire,30,2016,     Documentary and stock transfer,T51,"134,961"
New Hampshire,30,2016,"     Other taxes, NEC",T99,X
New Jersey,31,2016,Total Taxes,T00,"31,546,720"
New Jersey,31,2016,Property taxes,T01,"4,638"
New Jersey,31,2016,Sales and gross receipts taxes,TA1,"13,173,332"
New Jersey,31,2016,     General sales and gross receipts,T09,"9,267,703"
New Jersey,31,2016,     Selective sales and gross receipts taxes,TA2,"3,905,629"
New Jersey,31,2016,          Motor fuels,T13,"554,473"
New Jersey,31,2016,          Alcoholic beverages,T10,"138,799"
New Jersey,31,2016,          Public utilities,T15,"964,738"
New Jersey,31,2016,          Insurance premiums,T12,"605,447"
New Jersey,31,2016,          Tobacco products,T16,"677,216"
New Jersey,31,2016,          Pari-mutuels,T14,X
New Jersey,31,2016,          Amusements,T11,"209,417"
New Jersey,31,2016,          Other selective sales and gross receipts,T19,"755,539"
New Jersey,31,2016,License taxes,TA3,"1,499,889"
New Jersey,31,2016,     Alcoholic beverages,T20,"4,199"
New Jersey,31,2016,     Public utilities,T27,"6,961"
New Jersey,31,2016,     Motor vehicles,T24,"642,537"
New Jersey,31,2016,     Motor vehicle operators,T25,"55,873"
New Jersey,31,2016,     Corporations in general,T22,"247,721"
New Jersey,31,2016,     Hunting and fishing,T23,"14,062"
New Jersey,31,2016,     Amusements,T21,"42,181"
New Jersey,31,2016,     Occupation and businesses,T28,"485,336"
New Jersey,31,2016,     Other license taxes,T29,"1,019"
New Jersey,31,2016,Income taxes,TA4,"15,585,479"
New Jersey,31,2016,     Individual income,T40,"13,355,992"
New Jersey,31,2016,     Corporation net income,T41,"2,229,487"
New Jersey,31,2016,Other taxes,TA5,"1,283,382"
New Jersey,31,2016,     Death and gift,T50,"769,688"
New Jersey,31,2016,     Severance,T53,X
New Jersey,31,2016,     Documentary and stock transfer,T51,"513,694"
New Jersey,31,2016,"     Other taxes, NEC",T99,X
New Mexico,32,2016,Total Taxes,T00,"5,462,107"
New Mexico,32,2016,Property taxes,T01,"106,524"
New Mexico,32,2016,Sales and gross receipts taxes,TA1,"2,930,004"
New Mexico,32,2016,     General sales and gross receipts,T09,"2,085,366"
New Mexico,32,2016,     Selective sales and gross receipts taxes,TA2,"844,638"
New Mexico,32,2016,          Motor fuels,T13,"245,447"
New Mexico,32,2016,          Alcoholic beverages,T10,"37,084"
New Mexico,32,2016,          Public utilities,T15,"29,552"
New Mexico,32,2016,          Insurance premiums,T12,"214,688"
New Mexico,32,2016,          Tobacco products,T16,"82,826"
New Mexico,32,2016,          Pari-mutuels,T14,"1,298"
New Mexico,32,2016,          Amusements,T11,"73,000"
New Mexico,32,2016,          Other selective sales and gross receipts,T19,"160,743"
New Mexico,32,2016,License taxes,TA3,"342,527"
New Mexico,32,2016,     Alcoholic beverages,T20,X
New Mexico,32,2016,     Public utilities,T27,"1,720"
New Mexico,32,2016,     Motor vehicles,T24,"234,806"
New Mexico,32,2016,     Motor vehicle operators,T25,"12,325"
New Mexico,32,2016,     Corporations in general,T22,"25,706"
New Mexico,32,2016,     Hunting and fishing,T23,"25,738"
New Mexico,32,2016,     Amusements,T21,653
New Mexico,32,2016,     Occupation and businesses,T28,"41,579"
New Mexico,32,2016,     Other license taxes,T29,X
New Mexico,32,2016,Income taxes,TA4,"1,523,753"
New Mexico,32,2016,     Individual income,T40,"1,409,811"
New Mexico,32,2016,     Corporation net income,T41,"113,942"
New Mexico,32,2016,Other taxes,TA5,"559,299"
New Mexico,32,2016,     Death and gift,T50,1
New Mexico,32,2016,     Severance,T53,"559,296"
New Mexico,32,2016,     Documentary and stock transfer,T51,X
New Mexico,32,2016,"     Other taxes, NEC",T99,2
New York,33,2016,Total Taxes,T00,"81,353,963"
New York,33,2016,Property taxes,T01,X
New York,33,2016,Sales and gross receipts taxes,TA1,"24,790,017"
New York,33,2016,     General sales and gross receipts,T09,"13,534,170"
New York,33,2016,     Selective sales and gross receipts taxes,TA2,"11,255,847"
New York,33,2016,          Motor fuels,T13,"1,612,425"
New York,33,2016,          Alcoholic beverages,T10,"299,931"
New York,33,2016,          Public utilities,T15,"914,309"
New York,33,2016,          Insurance premiums,T12,"1,539,422"
New York,33,2016,          Tobacco products,T16,"1,247,078"
New York,33,2016,          Pari-mutuels,T14,"19,778"
New York,33,2016,          Amusements,T11,"1,231"
New York,33,2016,          Other selective sales and gross receipts,T19,"5,621,673"
New York,33,2016,License taxes,TA3,"1,794,987"
New York,33,2016,     Alcoholic beverages,T20,"61,706"
New York,33,2016,     Public utilities,T27,"19,380"
New York,33,2016,     Motor vehicles,T24,"1,357,552"
New York,33,2016,     Motor vehicle operators,T25,"158,562"
New York,33,2016,     Corporations in general,T22,"24,047"
New York,33,2016,     Hunting and fishing,T23,"45,234"
New York,33,2016,     Amusements,T21,X
New York,33,2016,     Occupation and businesses,T28,"127,046"
New York,33,2016,     Other license taxes,T29,"1,460"
New York,33,2016,Income taxes,TA4,"50,690,443"
New York,33,2016,     Individual income,T40,"46,508,632"
New York,33,2016,     Corporation net income,T41,"4,181,811"
New York,33,2016,Other taxes,TA5,"4,078,516"
New York,33,2016,     Death and gift,T50,"1,364,261"
New York,33,2016,     Severance,T53,X
New York,33,2016,     Documentary and stock transfer,T51,"1,299,841"
New York,33,2016,"     Other taxes, NEC",T99,"1,414,414"
North Carolina,34,2016,Total Taxes,T00,"26,201,576"
North Carolina,34,2016,Property taxes,T01,X
North Carolina,34,2016,Sales and gross receipts taxes,TA1,"11,149,110"
North Carolina,34,2016,     General sales and gross receipts,T09,"7,187,844"
North Carolina,34,2016,     Selective sales and gross receipts taxes,TA2,"3,961,266"
North Carolina,34,2016,          Motor fuels,T13,"1,936,102"
North Carolina,34,2016,          Alcoholic beverages,T10,"378,744"
North Carolina,34,2016,          Public utilities,T15,122
North Carolina,34,2016,          Insurance premiums,T12,"503,407"
North Carolina,34,2016,          Tobacco products,T16,"286,286"
North Carolina,34,2016,          Pari-mutuels,T14,X
North Carolina,34,2016,          Amusements,T11,-250
North Carolina,34,2016,          Other selective sales and gross receipts,T19,"856,855"
North Carolina,34,2016,License taxes,TA3,"1,869,060"
North Carolina,34,2016,     Alcoholic beverages,T20,"25,140"
North Carolina,34,2016,     Public utilities,T27,"20,097"
North Carolina,34,2016,     Motor vehicles,T24,"714,464"
North Carolina,34,2016,     Motor vehicle operators,T25,"134,435"
North Carolina,34,2016,     Corporations in general,T22,"609,410"
North Carolina,34,2016,     Hunting and fishing,T23,"33,578"
North Carolina,34,2016,     Amusements,T21,199
North Carolina,34,2016,     Occupation and businesses,T28,"306,808"
North Carolina,34,2016,     Other license taxes,T29,"24,929"
North Carolina,34,2016,Income taxes,TA4,"13,109,468"
North Carolina,34,2016,     Individual income,T40,"12,042,957"
North Carolina,34,2016,     Corporation net income,T41,"1,066,511"
North Carolina,34,2016,Other taxes,TA5,"73,938"
North Carolina,34,2016,     Death and gift,T50,"4,493"
North Carolina,34,2016,     Severance,T53,"1,961"
North Carolina,34,2016,     Documentary and stock transfer,T51,"67,484"
North Carolina,34,2016,"     Other taxes, NEC",T99,X
North Dakota,35,2016,Total Taxes,T00,"3,709,105"
North Dakota,35,2016,Property taxes,T01,"3,910"
North Dakota,35,2016,Sales and gross receipts taxes,TA1,"1,496,824"
North Dakota,35,2016,     General sales and gross receipts,T09,"1,017,269"
North Dakota,35,2016,     Selective sales and gross receipts taxes,TA2,"479,555"
North Dakota,35,2016,          Motor fuels,T13,"196,837"
North Dakota,35,2016,          Alcoholic beverages,T10,"9,026"
North Dakota,35,2016,          Public utilities,T15,"46,455"
North Dakota,35,2016,          Insurance premiums,T12,"65,113"
North Dakota,35,2016,          Tobacco products,T16,"30,757"
North Dakota,35,2016,          Pari-mutuels,T14,"1,566"
North Dakota,35,2016,          Amusements,T11,"3,406"
North Dakota,35,2016,          Other selective sales and gross receipts,T19,"126,395"
North Dakota,35,2016,License taxes,TA3,"204,055"
North Dakota,35,2016,     Alcoholic beverages,T20,381
North Dakota,35,2016,     Public utilities,T27,6
North Dakota,35,2016,     Motor vehicles,T24,"119,473"
North Dakota,35,2016,     Motor vehicle operators,T25,"4,226"
North Dakota,35,2016,     Corporations in general,T22,X
North Dakota,35,2016,     Hunting and fishing,T23,"19,306"
North Dakota,35,2016,     Amusements,T21,756
North Dakota,35,2016,     Occupation and businesses,T28,"59,907"
North Dakota,35,2016,     Other license taxes,T29,X
North Dakota,35,2016,Income taxes,TA4,"454,194"
North Dakota,35,2016,     Individual income,T40,"351,125"
North Dakota,35,2016,     Corporation net income,T41,"103,069"
North Dakota,35,2016,Other taxes,TA5,"1,550,122"
North Dakota,35,2016,     Death and gift,T50,X
North Dakota,35,2016,     Severance,T53,"1,550,122"
North Dakota,35,2016,     Documentary and stock transfer,T51,X
North Dakota,35,2016,"     Other taxes, NEC",T99,X
Ohio,36,2016,Total Taxes,T00,"28,694,883"
Ohio,36,2016,Property taxes,T01,X
Ohio,36,2016,Sales and gross receipts taxes,TA1,"18,231,167"
Ohio,36,2016,     General sales and gross receipts,T09,"12,226,504"
Ohio,36,2016,     Selective sales and gross receipts taxes,TA2,"6,004,663"
Ohio,36,2016,          Motor fuels,T13,"1,855,699"
Ohio,36,2016,          Alcoholic beverages,T10,"100,712"
Ohio,36,2016,          Public utilities,T15,"1,156,646"
Ohio,36,2016,          Insurance premiums,T12,"579,408"
Ohio,36,2016,          Tobacco products,T16,"1,008,798"
Ohio,36,2016,          Pari-mutuels,T14,"5,628"
Ohio,36,2016,          Amusements,T11,"269,267"
Ohio,36,2016,          Other selective sales and gross receipts,T19,"1,028,505"
Ohio,36,2016,License taxes,TA3,"2,223,747"
Ohio,36,2016,     Alcoholic beverages,T20,"42,501"
Ohio,36,2016,     Public utilities,T27,"27,863"
Ohio,36,2016,     Motor vehicles,T24,"769,085"
Ohio,36,2016,     Motor vehicle operators,T25,"78,821"
Ohio,36,2016,     Corporations in general,T22,"237,487"
Ohio,36,2016,     Hunting and fishing,T23,"37,695"
Ohio,36,2016,     Amusements,T21,"37,833"
Ohio,36,2016,     Occupation and businesses,T28,"943,758"
Ohio,36,2016,     Other license taxes,T29,"48,704"
Ohio,36,2016,Income taxes,TA4,"8,202,432"
Ohio,36,2016,     Individual income,T40,"8,169,197"
Ohio,36,2016,     Corporation net income,T41,"33,235"
Ohio,36,2016,Other taxes,TA5,"37,537"
Ohio,36,2016,     Death and gift,T50,"2,154"
Ohio,36,2016,     Severance,T53,"35,383"
Ohio,36,2016,     Documentary and stock transfer,T51,X
Ohio,36,2016,"     Other taxes, NEC",T99,X
Oklahoma,37,2016,Total Taxes,T00,"8,491,187"
Oklahoma,37,2016,Property taxes,T01,X
Oklahoma,37,2016,Sales and gross receipts taxes,TA1,"3,778,399"
Oklahoma,37,2016,     General sales and gross receipts,T09,"2,471,242"
Oklahoma,37,2016,     Selective sales and gross receipts taxes,TA2,"1,307,157"
Oklahoma,37,2016,          Motor fuels,T13,"463,962"
Oklahoma,37,2016,          Alcoholic beverages,T10,"120,099"
Oklahoma,37,2016,          Public utilities,T15,"46,168"
Oklahoma,37,2016,          Insurance premiums,T12,"322,604"
Oklahoma,37,2016,          Tobacco products,T16,"316,471"
Oklahoma,37,2016,          Pari-mutuels,T14,"1,162"
Oklahoma,37,2016,          Amusements,T11,"20,963"
Oklahoma,37,2016,          Other selective sales and gross receipts,T19,"15,728"
Oklahoma,37,2016,License taxes,TA3,"1,039,167"
Oklahoma,37,2016,     Alcoholic beverages,T20,"1,224"
Oklahoma,37,2016,     Public utilities,T27,471
Oklahoma,37,2016,     Motor vehicles,T24,"719,518"
Oklahoma,37,2016,     Motor vehicle operators,T25,"26,963"
Oklahoma,37,2016,     Corporations in general,T22,"55,082"
Oklahoma,37,2016,     Hunting and fishing,T23,"21,082"
Oklahoma,37,2016,     Amusements,T21,"156,410"
Oklahoma,37,2016,     Occupation and businesses,T28,"57,692"
Oklahoma,37,2016,     Other license taxes,T29,725
Oklahoma,37,2016,Income taxes,TA4,"3,324,653"
Oklahoma,37,2016,     Individual income,T40,"2,996,870"
Oklahoma,37,2016,     Corporation net income,T41,"327,783"
Oklahoma,37,2016,Other taxes,TA5,"348,968"
Oklahoma,37,2016,     Death and gift,T50,273
Oklahoma,37,2016,     Severance,T53,"330,824"
Oklahoma,37,2016,     Documentary and stock transfer,T51,"17,871"
Oklahoma,37,2016,"     Other taxes, NEC",T99,X
Oregon,38,2016,Total Taxes,T00,"11,043,311"
Oregon,38,2016,Property taxes,T01,"20,587"
Oregon,38,2016,Sales and gross receipts taxes,TA1,"1,532,190"
Oregon,38,2016,     General sales and gross receipts,T09,X
Oregon,38,2016,     Selective sales and gross receipts taxes,TA2,"1,532,190"
Oregon,38,2016,          Motor fuels,T13,"517,757"
Oregon,38,2016,          Alcoholic beverages,T10,"18,375"
Oregon,38,2016,          Public utilities,T15,"96,970"
Oregon,38,2016,          Insurance premiums,T12,"86,283"
Oregon,38,2016,          Tobacco products,T16,"268,808"
Oregon,38,2016,          Pari-mutuels,T14,"1,980"
Oregon,38,2016,          Amusements,T11,X
Oregon,38,2016,          Other selective sales and gross receipts,T19,"542,017"
Oregon,38,2016,License taxes,TA3,"1,048,709"
Oregon,38,2016,     Alcoholic beverages,T20,"4,543"
Oregon,38,2016,     Public utilities,T27,"14,577"
Oregon,38,2016,     Motor vehicles,T24,"539,474"
Oregon,38,2016,     Motor vehicle operators,T25,"37,973"
Oregon,38,2016,     Corporations in general,T22,"34,825"
Oregon,38,2016,     Hunting and fishing,T23,"53,978"
Oregon,38,2016,     Amusements,T21,"2,834"
Oregon,38,2016,     Occupation and businesses,T28,"353,372"
Oregon,38,2016,     Other license taxes,T29,"7,133"
Oregon,38,2016,Income taxes,TA4,"8,299,887"
Oregon,38,2016,     Individual income,T40,"7,690,019"
Oregon,38,2016,     Corporation net income,T41,"609,868"
Oregon,38,2016,Other taxes,TA5,"141,938"
Oregon,38,2016,     Death and gift,T50,"125,969"
Oregon,38,2016,     Severance,T53,"13,590"
Oregon,38,2016,     Documentary and stock transfer,T51,"2,379"
Oregon,38,2016,"     Other taxes, NEC",T99,X
Pennsylvania,39,2016,Total Taxes,T00,"37,394,589"
Pennsylvania,39,2016,Property taxes,T01,"43,124"
Pennsylvania,39,2016,Sales and gross receipts taxes,TA1,"19,284,374"
Pennsylvania,39,2016,     General sales and gross receipts,T09,"10,221,593"
Pennsylvania,39,2016,     Selective sales and gross receipts taxes,TA2,"9,062,781"
Pennsylvania,39,2016,          Motor fuels,T13,"2,971,950"
Pennsylvania,39,2016,          Alcoholic beverages,T10,"373,004"
Pennsylvania,39,2016,          Public utilities,T15,"1,310,130"
Pennsylvania,39,2016,          Insurance premiums,T12,"820,513"
Pennsylvania,39,2016,          Tobacco products,T16,"962,110"
Pennsylvania,39,2016,          Pari-mutuels,T14,"10,350"
Pennsylvania,39,2016,          Amusements,T11,"1,395,968"
Pennsylvania,39,2016,          Other selective sales and gross receipts,T19,"1,218,756"
Pennsylvania,39,2016,License taxes,TA3,"2,159,170"
Pennsylvania,39,2016,     Alcoholic beverages,T20,"17,741"
Pennsylvania,39,2016,     Public utilities,T27,"80,661"
Pennsylvania,39,2016,     Motor vehicles,T24,"900,127"
Pennsylvania,39,2016,     Motor vehicle operators,T25,"71,765"
Pennsylvania,39,2016,     Corporations in general,T22,"80,943"
Pennsylvania,39,2016,     Hunting and fishing,T23,"74,654"
Pennsylvania,39,2016,     Amusements,T21,"11,820"
Pennsylvania,39,2016,     Occupation and businesses,T28,"901,143"
Pennsylvania,39,2016,     Other license taxes,T29,"20,316"
Pennsylvania,39,2016,Income taxes,TA4,"14,388,463"
Pennsylvania,39,2016,     Individual income,T40,"11,932,232"
Pennsylvania,39,2016,     Corporation net income,T41,"2,456,231"
Pennsylvania,39,2016,Other taxes,TA5,"1,519,458"
Pennsylvania,39,2016,     Death and gift,T50,"933,140"
Pennsylvania,39,2016,     Severance,T53,X
Pennsylvania,39,2016,     Documentary and stock transfer,T51,"562,623"
Pennsylvania,39,2016,"     Other taxes, NEC",T99,"23,695"
Rhode Island,40,2016,Total Taxes,T00,"3,265,727"
Rhode Island,40,2016,Property taxes,T01,"2,544"
Rhode Island,40,2016,Sales and gross receipts taxes,TA1,"1,665,438"
Rhode Island,40,2016,     General sales and gross receipts,T09,"973,585"
Rhode Island,40,2016,     Selective sales and gross receipts taxes,TA2,"691,853"
Rhode Island,40,2016,          Motor fuels,T13,"90,032"
Rhode Island,40,2016,          Alcoholic beverages,T10,"20,399"
Rhode Island,40,2016,          Public utilities,T15,"103,971"
Rhode Island,40,2016,          Insurance premiums,T12,"113,993"
Rhode Island,40,2016,          Tobacco products,T16,"144,403"
Rhode Island,40,2016,          Pari-mutuels,T14,"1,070"
Rhode Island,40,2016,          Amusements,T11,X
Rhode Island,40,2016,          Other selective sales and gross receipts,T19,"217,985"
Rhode Island,40,2016,License taxes,TA3,"120,936"
Rhode Island,40,2016,     Alcoholic beverages,T20,72
Rhode Island,40,2016,     Public utilities,T27,X
Rhode Island,40,2016,     Motor vehicles,T24,"45,359"
Rhode Island,40,2016,     Motor vehicle operators,T25,"4,911"
Rhode Island,40,2016,     Corporations in general,T22,"5,131"
Rhode Island,40,2016,     Hunting and fishing,T23,"1,988"
Rhode Island,40,2016,     Amusements,T21,197
Rhode Island,40,2016,     Occupation and businesses,T28,"58,915"
Rhode Island,40,2016,     Other license taxes,T29,"4,363"
Rhode Island,40,2016,Income taxes,TA4,"1,380,463"
Rhode Island,40,2016,     Individual income,T40,"1,236,194"
Rhode Island,40,2016,     Corporation net income,T41,"144,269"
Rhode Island,40,2016,Other taxes,TA5,"96,346"
Rhode Island,40,2016,     Death and gift,T50,"75,288"
Rhode Island,40,2016,     Severance,T53,X
Rhode Island,40,2016,     Documentary and stock transfer,T51,"21,058"
Rhode Island,40,2016,"     Other taxes, NEC",T99,X
South Carolina,41,2016,Total Taxes,T00,"9,551,052"
South Carolina,41,2016,Property taxes,T01,"32,670"
South Carolina,41,2016,Sales and gross receipts taxes,TA1,"4,620,807"
South Carolina,41,2016,     General sales and gross receipts,T09,"3,268,415"
South Carolina,41,2016,     Selective sales and gross receipts taxes,TA2,"1,352,392"
South Carolina,41,2016,          Motor fuels,T13,"565,405"
South Carolina,41,2016,          Alcoholic beverages,T10,"173,138"
South Carolina,41,2016,          Public utilities,T15,"29,158"
South Carolina,41,2016,          Insurance premiums,T12,"246,059"
South Carolina,41,2016,          Tobacco products,T16,"27,264"
South Carolina,41,2016,          Pari-mutuels,T14,X
South Carolina,41,2016,          Amusements,T11,"42,530"
South Carolina,41,2016,          Other selective sales and gross receipts,T19,"268,838"
South Carolina,41,2016,License taxes,TA3,"499,053"
South Carolina,41,2016,     Alcoholic beverages,T20,"12,591"
South Carolina,41,2016,     Public utilities,T27,"10,487"
South Carolina,41,2016,     Motor vehicles,T24,"240,551"
South Carolina,41,2016,     Motor vehicle operators,T25,"8,686"
South Carolina,41,2016,     Corporations in general,T22,"88,702"
South Carolina,41,2016,     Hunting and fishing,T23,"18,284"
South Carolina,41,2016,     Amusements,T21,"1,266"
South Carolina,41,2016,     Occupation and businesses,T28,"100,076"
South Carolina,41,2016,     Other license taxes,T29,"18,410"
South Carolina,41,2016,Income taxes,TA4,"4,309,831"
South Carolina,41,2016,     Individual income,T40,"3,869,342"
South Carolina,41,2016,     Corporation net income,T41,"440,489"
South Carolina,41,2016,Other taxes,TA5,"88,691"
South Carolina,41,2016,     Death and gift,T50,X
South Carolina,41,2016,     Severance,T53,X
South Carolina,41,2016,     Documentary and stock transfer,T51,"88,691"
South Carolina,41,2016,"     Other taxes, NEC",T99,X
South Dakota,42,2016,Total Taxes,T00,"1,747,550"
South Dakota,42,2016,Property taxes,T01,X
South Dakota,42,2016,Sales and gross receipts taxes,TA1,"1,440,041"
South Dakota,42,2016,     General sales and gross receipts,T09,"968,787"
South Dakota,42,2016,     Selective sales and gross receipts taxes,TA2,"471,254"
South Dakota,42,2016,          Motor fuels,T13,"186,990"
South Dakota,42,2016,          Alcoholic beverages,T10,"16,656"
South Dakota,42,2016,          Public utilities,T15,"3,624"
South Dakota,42,2016,          Insurance premiums,T12,"86,879"
South Dakota,42,2016,          Tobacco products,T16,"63,082"
South Dakota,42,2016,          Pari-mutuels,T14,388
South Dakota,42,2016,          Amusements,T11,"9,256"
South Dakota,42,2016,          Other selective sales and gross receipts,T19,"104,379"
South Dakota,42,2016,License taxes,TA3,"268,227"
South Dakota,42,2016,     Alcoholic beverages,T20,530
South Dakota,42,2016,     Public utilities,T27,X
South Dakota,42,2016,     Motor vehicles,T24,"89,045"
South Dakota,42,2016,     Motor vehicle operators,T25,"5,346"
South Dakota,42,2016,     Corporations in general,T22,"5,194"
South Dakota,42,2016,     Hunting and fishing,T23,"30,699"
South Dakota,42,2016,     Amusements,T21,"6,617"
South Dakota,42,2016,     Occupation and businesses,T28,"107,967"
South Dakota,42,2016,     Other license taxes,T29,"22,829"
South Dakota,42,2016,Income taxes,TA4,"32,684"
South Dakota,42,2016,     Individual income,T40,X
South Dakota,42,2016,     Corporation net income,T41,"32,684"
South Dakota,42,2016,Other taxes,TA5,"6,598"
South Dakota,42,2016,     Death and gift,T50,X
South Dakota,42,2016,     Severance,T53,"6,404"
South Dakota,42,2016,     Documentary and stock transfer,T51,194
South Dakota,42,2016,"     Other taxes, NEC",T99,X
Tennessee,43,2016,Total Taxes,T00,"13,386,169"
Tennessee,43,2016,Property taxes,T01,X
Tennessee,43,2016,Sales and gross receipts taxes,TA1,"9,704,247"
Tennessee,43,2016,     General sales and gross receipts,T09,"7,006,376"
Tennessee,43,2016,     Selective sales and gross receipts taxes,TA2,"2,697,871"
Tennessee,43,2016,          Motor fuels,T13,"897,608"
Tennessee,43,2016,          Alcoholic beverages,T10,"174,340"
Tennessee,43,2016,          Public utilities,T15,"8,268"
Tennessee,43,2016,          Insurance premiums,T12,"885,037"
Tennessee,43,2016,          Tobacco products,T16,"263,739"
Tennessee,43,2016,          Pari-mutuels,T14,0
Tennessee,43,2016,          Amusements,T11,0
Tennessee,43,2016,          Other selective sales and gross receipts,T19,"468,879"
Tennessee,43,2016,License taxes,TA3,"1,516,966"
Tennessee,43,2016,     Alcoholic beverages,T20,"1,467"
Tennessee,43,2016,     Public utilities,T27,"6,108"
Tennessee,43,2016,     Motor vehicles,T24,"301,635"
Tennessee,43,2016,     Motor vehicle operators,T25,"56,063"
Tennessee,43,2016,     Corporations in general,T22,"773,374"
Tennessee,43,2016,     Hunting and fishing,T23,"38,848"
Tennessee,43,2016,     Amusements,T21,254
Tennessee,43,2016,     Occupation and businesses,T28,"330,149"
Tennessee,43,2016,     Other license taxes,T29,"9,068"
Tennessee,43,2016,Income taxes,TA4,"1,862,601"
Tennessee,43,2016,     Individual income,T40,"323,952"
Tennessee,43,2016,     Corporation net income,T41,"1,538,649"
Tennessee,43,2016,Other taxes,TA5,"302,355"
Tennessee,43,2016,     Death and gift,T50,"62,471"
Tennessee,43,2016,     Severance,T53,"1,444"
Tennessee,43,2016,     Documentary and stock transfer,T51,"219,188"
Tennessee,43,2016,"     Other taxes, NEC",T99,"19,252"
Texas,44,2016,Total Taxes,T00,"52,132,817"
Texas,44,2016,Property taxes,T01,X
Texas,44,2016,Sales and gross receipts taxes,TA1,"46,370,774"
Texas,44,2016,     General sales and gross receipts,T09,"32,131,385"
Texas,44,2016,     Selective sales and gross receipts taxes,TA2,"14,239,389"
Texas,44,2016,          Motor fuels,T13,"3,500,210"
Texas,44,2016,          Alcoholic beverages,T10,"1,191,961"
Texas,44,2016,          Public utilities,T15,"605,487"
Texas,44,2016,          Insurance premiums,T12,"2,171,362"
Texas,44,2016,          Tobacco products,T16,"1,479,863"
Texas,44,2016,          Pari-mutuels,T14,"6,954"
Texas,44,2016,          Amusements,T11,"29,780"
Texas,44,2016,          Other selective sales and gross receipts,T19,"5,253,772"
Texas,44,2016,License taxes,TA3,"3,414,335"
Texas,44,2016,     Alcoholic beverages,T20,"74,711"
Texas,44,2016,     Public utilities,T27,"20,542"
Texas,44,2016,     Motor vehicles,T24,"2,227,996"
Texas,44,2016,     Motor vehicle operators,T25,"137,372"
Texas,44,2016,     Corporations in general,T22,"137,109"
Texas,44,2016,     Hunting and fishing,T23,"110,051"
Texas,44,2016,     Amusements,T21,"19,874"
Texas,44,2016,     Occupation and businesses,T28,"517,411"
Texas,44,2016,     Other license taxes,T29,"169,269"
Texas,44,2016,Income taxes,TA4,X
Texas,44,2016,     Individual income,T40,X
Texas,44,2016,     Corporation net income,T41,X
Texas,44,2016,Other taxes,TA5,"2,347,708"
Texas,44,2016,     Death and gift,T50,X
Texas,44,2016,     Severance,T53,"2,347,708"
Texas,44,2016,     Documentary and stock transfer,T51,X
Texas,44,2016,"     Other taxes, NEC",T99,X
Utah,45,2016,Total Taxes,T00,"7,082,961"
Utah,45,2016,Property taxes,T01,X
Utah,45,2016,Sales and gross receipts taxes,TA1,"3,031,819"
Utah,45,2016,     General sales and gross receipts,T09,"2,083,671"
Utah,45,2016,     Selective sales and gross receipts taxes,TA2,"948,148"
Utah,45,2016,          Motor fuels,T13,"419,727"
Utah,45,2016,          Alcoholic beverages,T10,"51,563"
Utah,45,2016,          Public utilities,T15,"24,351"
Utah,45,2016,          Insurance premiums,T12,"133,157"
Utah,45,2016,          Tobacco products,T16,"119,717"
Utah,45,2016,          Pari-mutuels,T14,X
Utah,45,2016,          Amusements,T11,X
Utah,45,2016,          Other selective sales and gross receipts,T19,"199,633"
Utah,45,2016,License taxes,TA3,"290,426"
Utah,45,2016,     Alcoholic beverages,T20,"2,669"
Utah,45,2016,     Public utilities,T27,X
Utah,45,2016,     Motor vehicles,T24,"184,078"
Utah,45,2016,     Motor vehicle operators,T25,"15,414"
Utah,45,2016,     Corporations in general,T22,586
Utah,45,2016,     Hunting and fishing,T23,"29,813"
Utah,45,2016,     Amusements,T21,X
Utah,45,2016,     Occupation and businesses,T28,"53,264"
Utah,45,2016,     Other license taxes,T29,"4,602"
Utah,45,2016,Income taxes,TA4,"3,707,893"
Utah,45,2016,     Individual income,T40,"3,374,535"
Utah,45,2016,     Corporation net income,T41,"333,358"
Utah,45,2016,Other taxes,TA5,"52,823"
Utah,45,2016,     Death and gift,T50,X
Utah,45,2016,     Severance,T53,"52,823"
Utah,45,2016,     Documentary and stock transfer,T51,X
Utah,45,2016,"     Other taxes, NEC",T99,X
Vermont,46,2016,Total Taxes,T00,"3,085,865"
Vermont,46,2016,Property taxes,T01,"1,056,323"
Vermont,46,2016,Sales and gross receipts taxes,TA1,"1,031,257"
Vermont,46,2016,     General sales and gross receipts,T09,"371,365"
Vermont,46,2016,     Selective sales and gross receipts taxes,TA2,"659,892"
Vermont,46,2016,          Motor fuels,T13,"77,404"
Vermont,46,2016,          Alcoholic beverages,T10,"25,025"
Vermont,46,2016,          Public utilities,T15,"9,012"
Vermont,46,2016,          Insurance premiums,T12,"59,055"
Vermont,46,2016,          Tobacco products,T16,"80,418"
Vermont,46,2016,          Pari-mutuels,T14,0
Vermont,46,2016,          Amusements,T11,X
Vermont,46,2016,          Other selective sales and gross receipts,T19,"408,978"
Vermont,46,2016,License taxes,TA3,"117,328"
Vermont,46,2016,     Alcoholic beverages,T20,431
Vermont,46,2016,     Public utilities,T27,X
Vermont,46,2016,     Motor vehicles,T24,"71,626"
Vermont,46,2016,     Motor vehicle operators,T25,"9,550"
Vermont,46,2016,     Corporations in general,T22,"3,444"
Vermont,46,2016,     Hunting and fishing,T23,"7,833"
Vermont,46,2016,     Amusements,T21,26
Vermont,46,2016,     Occupation and businesses,T28,"20,955"
Vermont,46,2016,     Other license taxes,T29,"3,463"
Vermont,46,2016,Income taxes,TA4,"828,322"
Vermont,46,2016,     Individual income,T40,"729,986"
Vermont,46,2016,     Corporation net income,T41,"98,336"
Vermont,46,2016,Other taxes,TA5,"52,635"
Vermont,46,2016,     Death and gift,T50,"12,509"
Vermont,46,2016,     Severance,T53,X
Vermont,46,2016,     Documentary and stock transfer,T51,"35,627"
Vermont,46,2016,"     Other taxes, NEC",T99,"4,499"
Virginia,47,2016,Total Taxes,T00,"21,219,757"
Virginia,47,2016,Property taxes,T01,"30,367"
Virginia,47,2016,Sales and gross receipts taxes,TA1,"6,886,378"
Virginia,47,2016,     General sales and gross receipts,T09,"3,931,717"
Virginia,47,2016,     Selective sales and gross receipts taxes,TA2,"2,954,661"
Virginia,47,2016,          Motor fuels,T13,"895,589"
Virginia,47,2016,          Alcoholic beverages,T10,"268,547"
Virginia,47,2016,          Public utilities,T15,"121,749"
Virginia,47,2016,          Insurance premiums,T12,"491,495"
Virginia,47,2016,          Tobacco products,T16,"178,847"
Virginia,47,2016,          Pari-mutuels,T14,X
Virginia,47,2016,          Amusements,T11,83
Virginia,47,2016,          Other selective sales and gross receipts,T19,"998,351"
Virginia,47,2016,License taxes,TA3,"826,306"
Virginia,47,2016,     Alcoholic beverages,T20,"13,297"
Virginia,47,2016,     Public utilities,T27,X
Virginia,47,2016,     Motor vehicles,T24,"477,126"
Virginia,47,2016,     Motor vehicle operators,T25,"40,558"
Virginia,47,2016,     Corporations in general,T22,"61,138"
Virginia,47,2016,     Hunting and fishing,T23,"27,763"
Virginia,47,2016,     Amusements,T21,129
Virginia,47,2016,     Occupation and businesses,T28,"202,087"
Virginia,47,2016,     Other license taxes,T29,"4,208"
Virginia,47,2016,Income taxes,TA4,"12,990,685"
Virginia,47,2016,     Individual income,T40,"12,237,996"
Virginia,47,2016,     Corporation net income,T41,"752,689"
Virginia,47,2016,Other taxes,TA5,"486,021"
Virginia,47,2016,     Death and gift,T50,222
Virginia,47,2016,     Severance,T53,"2,468"
Virginia,47,2016,     Documentary and stock transfer,T51,"368,747"
Virginia,47,2016,"     Other taxes, NEC",T99,"114,584"
Washington,48,2016,Total Taxes,T00,"22,280,088"
Washington,48,2016,Property taxes,T01,"2,062,065"
Washington,48,2016,Sales and gross receipts taxes,TA1,"17,636,031"
Washington,48,2016,     General sales and gross receipts,T09,"13,560,382"
Washington,48,2016,     Selective sales and gross receipts taxes,TA2,"4,075,649"
Washington,48,2016,          Motor fuels,T13,"1,457,933"
Washington,48,2016,          Alcoholic beverages,T10,"347,642"
Washington,48,2016,          Public utilities,T15,"489,225"
Washington,48,2016,          Insurance premiums,T12,"534,663"
Washington,48,2016,          Tobacco products,T16,"450,805"
Washington,48,2016,          Pari-mutuels,T14,"1,840"
Washington,48,2016,          Amusements,T11,X
Washington,48,2016,          Other selective sales and gross receipts,T19,"793,541"
Washington,48,2016,License taxes,TA3,"1,461,200"
Washington,48,2016,     Alcoholic beverages,T20,"143,858"
Washington,48,2016,     Public utilities,T27,"22,587"
Washington,48,2016,     Motor vehicles,T24,"603,519"
Washington,48,2016,     Motor vehicle operators,T25,"119,671"
Washington,48,2016,     Corporations in general,T22,"35,739"
Washington,48,2016,     Hunting and fishing,T23,"43,864"
Washington,48,2016,     Amusements,T21,"6,630"
Washington,48,2016,     Occupation and businesses,T28,"323,654"
Washington,48,2016,     Other license taxes,T29,"161,678"
Washington,48,2016,Income taxes,TA4,X
Washington,48,2016,     Individual income,T40,X
Washington,48,2016,     Corporation net income,T41,X
Washington,48,2016,Other taxes,TA5,"1,120,792"
Washington,48,2016,     Death and gift,T50,"136,035"
Washington,48,2016,     Severance,T53,"39,731"
Washington,48,2016,     Documentary and stock transfer,T51,"945,026"
Washington,48,2016,"     Other taxes, NEC",T99,X
West Virginia,49,2016,Total Taxes,T00,"5,127,970"
West Virginia,49,2016,Property taxes,T01,"6,957"
West Virginia,49,2016,Sales and gross receipts taxes,TA1,"2,566,690"
West Virginia,49,2016,     General sales and gross receipts,T09,"1,286,833"
West Virginia,49,2016,     Selective sales and gross receipts taxes,TA2,"1,279,857"
West Virginia,49,2016,          Motor fuels,T13,"396,010"
West Virginia,49,2016,          Alcoholic beverages,T10,"17,936"
West Virginia,49,2016,          Public utilities,T15,"120,406"
West Virginia,49,2016,          Insurance premiums,T12,"158,315"
West Virginia,49,2016,          Tobacco products,T16,"100,273"
West Virginia,49,2016,          Pari-mutuels,T14,"2,282"
West Virginia,49,2016,          Amusements,T11,"43,545"
West Virginia,49,2016,          Other selective sales and gross receipts,T19,"441,090"
West Virginia,49,2016,License taxes,TA3,"128,478"
West Virginia,49,2016,     Alcoholic beverages,T20,995
West Virginia,49,2016,     Public utilities,T27,442
West Virginia,49,2016,     Motor vehicles,T24,"4,295"
West Virginia,49,2016,     Motor vehicle operators,T25,"95,314"
West Virginia,49,2016,     Corporations in general,T22,986
West Virginia,49,2016,     Hunting and fishing,T23,"12,096"
West Virginia,49,2016,     Amusements,T21,"3,192"
West Virginia,49,2016,     Occupation and businesses,T28,"9,928"
West Virginia,49,2016,     Other license taxes,T29,"1,230"
West Virginia,49,2016,Income taxes,TA4,"1,990,391"
West Virginia,49,2016,     Individual income,T40,"1,845,711"
West Virginia,49,2016,     Corporation net income,T41,"144,680"
West Virginia,49,2016,Other taxes,TA5,"435,454"
West Virginia,49,2016,     Death and gift,T50,X
West Virginia,49,2016,     Severance,T53,"424,823"
West Virginia,49,2016,     Documentary and stock transfer,T51,"10,631"
West Virginia,49,2016,"     Other taxes, NEC",T99,X
Wisconsin,50,2016,Total Taxes,T00,"17,607,733"
Wisconsin,50,2016,Property taxes,T01,"170,537"
Wisconsin,50,2016,Sales and gross receipts taxes,TA1,"7,721,707"
Wisconsin,50,2016,     General sales and gross receipts,T09,"5,058,789"
Wisconsin,50,2016,     Selective sales and gross receipts taxes,TA2,"2,662,918"
Wisconsin,50,2016,          Motor fuels,T13,"1,043,282"
Wisconsin,50,2016,          Alcoholic beverages,T10,"58,970"
Wisconsin,50,2016,          Public utilities,T15,"326,990"
Wisconsin,50,2016,          Insurance premiums,T12,"196,543"
Wisconsin,50,2016,          Tobacco products,T16,"649,538"
Wisconsin,50,2016,          Pari-mutuels,T14,X
Wisconsin,50,2016,          Amusements,T11,201
Wisconsin,50,2016,          Other selective sales and gross receipts,T19,"387,394"
Wisconsin,50,2016,License taxes,TA3,"1,151,656"
Wisconsin,50,2016,     Alcoholic beverages,T20,"1,823"
Wisconsin,50,2016,     Public utilities,T27,"88,707"
Wisconsin,50,2016,     Motor vehicles,T24,"493,293"
Wisconsin,50,2016,     Motor vehicle operators,T25,"40,113"
Wisconsin,50,2016,     Corporations in general,T22,"20,357"
Wisconsin,50,2016,     Hunting and fishing,T23,"67,572"
Wisconsin,50,2016,     Amusements,T21,545
Wisconsin,50,2016,     Occupation and businesses,T28,"437,933"
Wisconsin,50,2016,     Other license taxes,T29,"1,313"
Wisconsin,50,2016,Income taxes,TA4,"8,473,461"
Wisconsin,50,2016,     Individual income,T40,"7,486,676"
Wisconsin,50,2016,     Corporation net income,T41,"986,785"
Wisconsin,50,2016,Other taxes,TA5,"90,372"
Wisconsin,50,2016,     Death and gift,T50,"1,745"
Wisconsin,50,2016,     Severance,T53,"10,562"
Wisconsin,50,2016,     Documentary and stock transfer,T51,"65,154"
Wisconsin,50,2016,"     Other taxes, NEC",T99,"12,911"
Wyoming,51,2016,Total Taxes,T00,"1,913,607"
Wyoming,51,2016,Property taxes,T01,"338,776"
Wyoming,51,2016,Sales and gross receipts taxes,TA1,"820,146"
Wyoming,51,2016,     General sales and gross receipts,T09,"641,495"
Wyoming,51,2016,     Selective sales and gross receipts taxes,TA2,"178,651"
Wyoming,51,2016,          Motor fuels,T13,"115,175"
Wyoming,51,2016,          Alcoholic beverages,T10,"1,919"
Wyoming,51,2016,          Public utilities,T15,"4,823"
Wyoming,51,2016,          Insurance premiums,T12,"27,991"
Wyoming,51,2016,          Tobacco products,T16,"24,060"
Wyoming,51,2016,          Pari-mutuels,T14,"1,963"
Wyoming,51,2016,          Amusements,T11,X
Wyoming,51,2016,          Other selective sales and gross receipts,T19,"2,720"
Wyoming,51,2016,License taxes,TA3,"157,086"
Wyoming,51,2016,     Alcoholic beverages,T20,X
Wyoming,51,2016,     Public utilities,T27,X
Wyoming,51,2016,     Motor vehicles,T24,"76,448"
Wyoming,51,2016,     Motor vehicle operators,T25,"2,303"
Wyoming,51,2016,     Corporations in general,T22,"13,826"
Wyoming,51,2016,     Hunting and fishing,T23,"33,919"
Wyoming,51,2016,     Amusements,T21,X
Wyoming,51,2016,     Occupation and businesses,T28,"30,590"
Wyoming,51,2016,     Other license taxes,T29,X
Wyoming,51,2016,Income taxes,TA4,X
Wyoming,51,2016,     Individual income,T40,X
Wyoming,51,2016,     Corporation net income,T41,X
Wyoming,51,2016,Other taxes,TA5,"597,599"
Wyoming,51,2016,     Death and gift,T50,X
Wyoming,51,2016,     Severance,T53,"593,959"
Wyoming,51,2016,     Documentary and stock transfer,T51,X
Wyoming,51,2016,"     Other taxes, NEC",T99,"3,640"
